Participante,VLT,Perfil,Frase,Condicao,Escolha,RT_Alvo
C3301,0,Bilingue,1,ThirdPSing,2,
C3301,0,Bilingue,2,ThirdPSing,2,
C3301,0,Bilingue,3,ThirdPSing,2,
C3301,0,Bilingue,4,ThirdPSing,2,
C3301,0,Bilingue,5,ThirdPSing,2,
C3301,0,Bilingue,6,ThirdPSing,2,
C3301,0,Bilingue,7,ThirdPSing,1,1332
C3301,0,Bilingue,8,ThirdPSing,2,
C3302,0,Bilingue,1,ThirdPSing,1,2079
C3302,0,Bilingue,2,ThirdPSing,1,1721
C3302,0,Bilingue,3,ThirdPSing,1,1736
C3302,0,Bilingue,4,ThirdPSing,1,2104
C3302,0,Bilingue,5,ThirdPSing,2,
C3302,0,Bilingue,6,ThirdPSing,1,2723
C3302,0,Bilingue,7,ThirdPSing,1,3428
C3302,0,Bilingue,8,ThirdPSing,2,
C3303,0,Bilingue,1,ThirdPSing,2,
C3303,0,Bilingue,2,ThirdPSing,1,1514
C3303,0,Bilingue,3,ThirdPSing,2,
C3303,0,Bilingue,4,ThirdPSing,2,
C3303,0,Bilingue,5,ThirdPSing,2,
C3303,0,Bilingue,6,ThirdPSing,2,
C3303,0,Bilingue,7,ThirdPSing,2,
C3303,0,Bilingue,8,ThirdPSing,2,
C3304,0,Bilingue,1,ThirdPSing,2,
C3304,0,Bilingue,2,ThirdPSing,1,2229
C3304,0,Bilingue,3,ThirdPSing,1,3266
C3304,0,Bilingue,4,ThirdPSing,1,2222
C3304,0,Bilingue,5,ThirdPSing,1,3201
C3304,0,Bilingue,6,ThirdPSing,2,
C3304,0,Bilingue,7,ThirdPSing,2,
C3304,0,Bilingue,8,ThirdPSing,2,
C3305,0,Bilingue,1,ThirdPSing,2,
C3305,0,Bilingue,2,ThirdPSing,2,
C3305,0,Bilingue,3,ThirdPSing,2,
C3305,0,Bilingue,4,ThirdPSing,2,
C3305,0,Bilingue,5,ThirdPSing,1,1048
C3305,0,Bilingue,6,ThirdPSing,2,
C3305,0,Bilingue,7,ThirdPSing,2,
C3305,0,Bilingue,8,ThirdPSing,2,
E1101,0,Bilingue,1,ThirdPSing,2,
E1101,0,Bilingue,2,ThirdPSing,1,1859
E1101,0,Bilingue,3,ThirdPSing,2,
E1101,0,Bilingue,4,ThirdPSing,1,2234
E1101,0,Bilingue,5,ThirdPSing,2,2917
E1101,0,Bilingue,6,ThirdPSing,1,3611
E1101,0,Bilingue,7,ThirdPSing,2,
E1101,0,Bilingue,8,ThirdPSing,2,
E1102,0,Bilingue,1,ThirdPSing,2,
E1102,0,Bilingue,2,ThirdPSing,2,
E1102,0,Bilingue,3,ThirdPSing,2,
E1102,0,Bilingue,4,ThirdPSing,2,
E1102,0,Bilingue,5,ThirdPSing,1,1278
E1102,0,Bilingue,6,ThirdPSing,2,
E1102,0,Bilingue,7,ThirdPSing,1,3940
E1102,0,Bilingue,8,ThirdPSing,2,
E1103,0,Bilingue,1,ThirdPSing,1,1765
E1103,0,Bilingue,2,ThirdPSing,1,2138
E1103,0,Bilingue,3,ThirdPSing,2,
E1103,0,Bilingue,4,ThirdPSing,2,
E1103,0,Bilingue,5,ThirdPSing,2,
E1103,0,Bilingue,6,ThirdPSing,2,
E1103,0,Bilingue,7,ThirdPSing,1,2979
E1103,0,Bilingue,8,ThirdPSing,1,1599
E1104,0,Bilingue,1,ThirdPSing,1,2349
E1104,0,Bilingue,2,ThirdPSing,2,
E1104,0,Bilingue,3,ThirdPSing,2,
E1104,0,Bilingue,4,ThirdPSing,2,
E1104,0,Bilingue,5,ThirdPSing,2,
E1104,0,Bilingue,6,ThirdPSing,2,
E1104,0,Bilingue,7,ThirdPSing,2,
E1104,0,Bilingue,8,ThirdPSing,2,
E1105,0,Bilingue,1,ThirdPSing,2,
E1105,0,Bilingue,2,ThirdPSing,1,959
E1105,0,Bilingue,3,ThirdPSing,2,
E1105,0,Bilingue,4,ThirdPSing,1,919
E1105,0,Bilingue,5,ThirdPSing,2,
E1105,0,Bilingue,6,ThirdPSing,2,
E1105,0,Bilingue,7,ThirdPSing,2,
E1105,0,Bilingue,8,ThirdPSing,1,1637
E1106,0,Bilingue,1,ThirdPSing,2,
E1106,0,Bilingue,2,ThirdPSing,1,1274
E1106,0,Bilingue,3,ThirdPSing,1,1555
E1106,0,Bilingue,4,ThirdPSing,2,
E1106,0,Bilingue,5,ThirdPSing,2,
E1106,0,Bilingue,6,ThirdPSing,2,
E1106,0,Bilingue,7,ThirdPSing,1,2629
E1106,0,Bilingue,8,ThirdPSing,1,1145
E1107,0,Bilingue,1,ThirdPSing,1,1043
E1107,0,Bilingue,2,ThirdPSing,2,
E1107,0,Bilingue,3,ThirdPSing,1,2268
E1107,0,Bilingue,4,ThirdPSing,1,5686
E1107,0,Bilingue,5,ThirdPSing,1,4460
E1107,0,Bilingue,6,ThirdPSing,1,2605
E1107,0,Bilingue,7,ThirdPSing,1,3344
E1107,0,Bilingue,8,ThirdPSing,1,2153
E1108,0,Bilingue,1,ThirdPSing,2,
E1108,0,Bilingue,2,ThirdPSing,2,
E1108,0,Bilingue,3,ThirdPSing,2,
E1108,0,Bilingue,4,ThirdPSing,2,
E1108,0,Bilingue,5,ThirdPSing,2,
E1108,0,Bilingue,6,ThirdPSing,1,1336
E1108,0,Bilingue,7,ThirdPSing,2,
E1108,0,Bilingue,8,ThirdPSing,2,
E1109,0,Bilingue,1,ThirdPSing,2,
E1109,0,Bilingue,2,ThirdPSing,1,1245
E1109,0,Bilingue,3,ThirdPSing,2,
E1109,0,Bilingue,4,ThirdPSing,2,
E1109,0,Bilingue,5,ThirdPSing,2,
E1109,0,Bilingue,6,ThirdPSing,2,
E1109,0,Bilingue,7,ThirdPSing,1,3543
E1109,0,Bilingue,8,ThirdPSing,2,
E1110,0,Bilingue,1,ThirdPSing,2,
E1110,0,Bilingue,2,ThirdPSing,2,
E1110,0,Bilingue,3,ThirdPSing,2,
E1110,0,Bilingue,4,ThirdPSing,2,
E1110,0,Bilingue,5,ThirdPSing,2,
E1110,0,Bilingue,6,ThirdPSing,2,
E1110,0,Bilingue,7,ThirdPSing,2,
E1110,0,Bilingue,8,ThirdPSing,2,
C1101,0,Bilingue,1,ThirdPSing,2,
C1101,0,Bilingue,2,ThirdPSing,1,1753
C1101,0,Bilingue,3,ThirdPSing,2,
C1101,0,Bilingue,4,ThirdPSing,2,
C1101,0,Bilingue,5,ThirdPSing,1,1777
C1101,0,Bilingue,6,ThirdPSing,2,
C1101,0,Bilingue,7,ThirdPSing,2,
C1101,0,Bilingue,8,ThirdPSing,2,
C1102,0,Bilingue,1,ThirdPSing,1,5502
C1102,0,Bilingue,2,ThirdPSing,2,
C1102,0,Bilingue,3,ThirdPSing,2,
C1102,0,Bilingue,4,ThirdPSing,2,
C1102,0,Bilingue,5,ThirdPSing,2,
C1102,0,Bilingue,6,ThirdPSing,2,
C1102,0,Bilingue,7,ThirdPSing,1,3293
C1102,0,Bilingue,8,ThirdPSing,2,
C1103,0,Bilingue,1,ThirdPSing,1,1226
C1103,0,Bilingue,2,ThirdPSing,2,
C1103,0,Bilingue,3,ThirdPSing,1,1146
C1103,0,Bilingue,4,ThirdPSing,2,
C1103,0,Bilingue,5,ThirdPSing,2,
C1103,0,Bilingue,6,ThirdPSing,1,1917
C1103,0,Bilingue,7,ThirdPSing,2,
C1103,0,Bilingue,8,ThirdPSing,2,
C1104,0,Bilingue,1,ThirdPSing,2,
C1104,0,Bilingue,2,ThirdPSing,2,
C1104,0,Bilingue,3,ThirdPSing,2,
C1104,0,Bilingue,4,ThirdPSing,2,
C1104,0,Bilingue,5,ThirdPSing,2,
C1104,0,Bilingue,6,ThirdPSing,2,
C1104,0,Bilingue,7,ThirdPSing,2,
C1104,0,Bilingue,8,ThirdPSing,2,
C1105,0,Bilingue,1,ThirdPSing,1,1161
C1105,0,Bilingue,2,ThirdPSing,2,
C1105,0,Bilingue,3,ThirdPSing,1,973
C1105,0,Bilingue,4,ThirdPSing,1,906
C1105,0,Bilingue,5,ThirdPSing,2,
C1105,0,Bilingue,6,ThirdPSing,1,1155
C1105,0,Bilingue,7,ThirdPSing,1,1353
C1105,0,Bilingue,8,ThirdPSing,1,1622
C1106,0,Bilingue,1,ThirdPSing,2,
C1106,0,Bilingue,2,ThirdPSing,2,
C1106,0,Bilingue,3,ThirdPSing,1,3194
C1106,0,Bilingue,4,ThirdPSing,2,
C1106,0,Bilingue,5,ThirdPSing,2,
C1106,0,Bilingue,6,ThirdPSing,1,2231
C1106,0,Bilingue,7,ThirdPSing,2,
C1106,0,Bilingue,8,ThirdPSing,1,1837
C1107,0,Bilingue,1,ThirdPSing,2,
C1107,0,Bilingue,2,ThirdPSing,1,1940
C1107,0,Bilingue,3,ThirdPSing,2,
C1107,0,Bilingue,4,ThirdPSing,2,
C1107,0,Bilingue,5,ThirdPSing,2,
C1107,0,Bilingue,6,ThirdPSing,2,
C1107,0,Bilingue,7,ThirdPSing,1,2714
C1107,0,Bilingue,8,ThirdPSing,2,
C1108,0,Bilingue,1,ThirdPSing,1,1626
C1108,0,Bilingue,2,ThirdPSing,2,
C1108,0,Bilingue,3,ThirdPSing,2,
C1108,0,Bilingue,4,ThirdPSing,2,
C1108,0,Bilingue,5,ThirdPSing,1,1936
C1108,0,Bilingue,6,ThirdPSing,2,
C1108,0,Bilingue,7,ThirdPSing,2,
C1108,0,Bilingue,8,ThirdPSing,1,1429
C1109,0,Bilingue,1,ThirdPSing,2,
C1109,0,Bilingue,2,ThirdPSing,2,
C1109,0,Bilingue,3,ThirdPSing,2,
C1109,0,Bilingue,4,ThirdPSing,2,
C1109,0,Bilingue,5,ThirdPSing,2,
C1109,0,Bilingue,6,ThirdPSing,2,
C1109,0,Bilingue,7,ThirdPSing,2,
C1109,0,Bilingue,8,ThirdPSing,2,
C1110,0,Bilingue,1,ThirdPSing,1,1224
C1110,0,Bilingue,2,ThirdPSing,1,1903
C1110,0,Bilingue,3,ThirdPSing,1,1930
C1110,0,Bilingue,4,ThirdPSing,1,1514
C1110,0,Bilingue,5,ThirdPSing,2,
C1110,0,Bilingue,6,ThirdPSing,1,1100
C1110,0,Bilingue,7,ThirdPSing,1,2325
C1110,0,Bilingue,8,ThirdPSing,1,1873
C1111,0,Bilingue,1,ThirdPSing,2,
C1111,0,Bilingue,2,ThirdPSing,1,1673
C1111,0,Bilingue,3,ThirdPSing,2,
C1111,0,Bilingue,4,ThirdPSing,1,1849
C1111,0,Bilingue,5,ThirdPSing,1,1719
C1111,0,Bilingue,6,ThirdPSing,2,
C1111,0,Bilingue,7,ThirdPSing,2,
C1111,0,Bilingue,8,ThirdPSing,2,
C1112,0,Bilingue,1,ThirdPSing,2,
C1112,0,Bilingue,2,ThirdPSing,2,
C1112,0,Bilingue,3,ThirdPSing,1,1070
C1112,0,Bilingue,4,ThirdPSing,2,
C1112,0,Bilingue,5,ThirdPSing,2,
C1112,0,Bilingue,6,ThirdPSing,2,
C1112,0,Bilingue,7,ThirdPSing,1,2334
C1112,0,Bilingue,8,ThirdPSing,2,
C1113,0,Bilingue,1,ThirdPSing,2,
C1113,0,Bilingue,2,ThirdPSing,1,2220
C1113,0,Bilingue,3,ThirdPSing,2,
C1113,0,Bilingue,4,ThirdPSing,2,
C1113,0,Bilingue,5,ThirdPSing,2,
C1113,0,Bilingue,6,ThirdPSing,1,2843
C1113,0,Bilingue,7,ThirdPSing,1,4227
C1113,0,Bilingue,8,ThirdPSing,2,
I3301,0,Bilingue,1,ThirdPSing,1,1600
I3301,0,Bilingue,2,ThirdPSing,1,3195
I3301,0,Bilingue,3,ThirdPSing,2,
I3301,0,Bilingue,4,ThirdPSing,2,
I3301,0,Bilingue,5,ThirdPSing,1,1651
I3301,0,Bilingue,6,ThirdPSing,1,4677
I3301,0,Bilingue,7,ThirdPSing,1,1429
I3301,0,Bilingue,8,ThirdPSing,1,1717
I3302,0,Bilingue,1,ThirdPSing,1,3888
I3302,0,Bilingue,2,ThirdPSing,2,
I3302,0,Bilingue,3,ThirdPSing,1,4580
I3302,0,Bilingue,4,ThirdPSing,1,2207
I3302,0,Bilingue,5,ThirdPSing,2,
I3302,0,Bilingue,6,ThirdPSing,1,4982
I3302,0,Bilingue,7,ThirdPSing,1,5600
I3302,0,Bilingue,8,ThirdPSing,2,
I3303,0,Bilingue,1,ThirdPSing,2,
I3303,0,Bilingue,2,ThirdPSing,2,
I3303,0,Bilingue,3,ThirdPSing,1,2678
I3303,0,Bilingue,4,ThirdPSing,2,
I3303,0,Bilingue,5,ThirdPSing,2,
I3303,0,Bilingue,6,ThirdPSing,2,
I3303,0,Bilingue,7,ThirdPSing,1,4012
I3303,0,Bilingue,8,ThirdPSing,2,
I3304,0,Bilingue,1,ThirdPSing,2,
I3304,0,Bilingue,2,ThirdPSing,2,
I3304,0,Bilingue,3,ThirdPSing,2,
I3304,0,Bilingue,4,ThirdPSing,2,
I3304,0,Bilingue,5,ThirdPSing,1,1210
I3304,0,Bilingue,6,ThirdPSing,2,
I3304,0,Bilingue,7,ThirdPSing,2,
I3304,0,Bilingue,8,ThirdPSing,2,
I3305,0,Bilingue,1,ThirdPSing,1,2344
I3305,0,Bilingue,2,ThirdPSing,1,2501
I3305,0,Bilingue,3,ThirdPSing,2,
I3305,0,Bilingue,4,ThirdPSing,1,1077
I3305,0,Bilingue,5,ThirdPSing,2,
I3305,0,Bilingue,6,ThirdPSing,2,
I3305,0,Bilingue,7,ThirdPSing,1,1734
I3305,0,Bilingue,8,ThirdPSing,2,
I3306,0,Bilingue,1,ThirdPSing,1,3167
I3306,0,Bilingue,2,ThirdPSing,2,
I3306,0,Bilingue,3,ThirdPSing,2,
I3306,0,Bilingue,4,ThirdPSing,2,
I3306,0,Bilingue,5,ThirdPSing,1,2108
I3306,0,Bilingue,6,ThirdPSing,2,
I3306,0,Bilingue,7,ThirdPSing,1,3186
I3306,0,Bilingue,8,ThirdPSing,1,2179
I3307,0,Bilingue,1,ThirdPSing,2,
I3307,0,Bilingue,2,ThirdPSing,1,857
I3307,0,Bilingue,3,ThirdPSing,2,
I3307,0,Bilingue,4,ThirdPSing,2,
I3307,0,Bilingue,5,ThirdPSing,1,2829
I3307,0,Bilingue,6,ThirdPSing,2,
I3307,0,Bilingue,7,ThirdPSing,2,
I3307,0,Bilingue,8,ThirdPSing,2,
I3308,0,Bilingue,1,ThirdPSing,2,
I3308,0,Bilingue,2,ThirdPSing,2,
I3308,0,Bilingue,3,ThirdPSing,2,
I3308,0,Bilingue,4,ThirdPSing,2,
I3308,0,Bilingue,5,ThirdPSing,2,
I3308,0,Bilingue,6,ThirdPSing,2,
I3308,0,Bilingue,7,ThirdPSing,2,
I3308,0,Bilingue,8,ThirdPSing,2,
I3309,0,Bilingue,1,ThirdPSing,2,
I3309,0,Bilingue,2,ThirdPSing,1,3872
I3309,0,Bilingue,3,ThirdPSing,2,
I3309,0,Bilingue,4,ThirdPSing,1,
I3309,0,Bilingue,5,ThirdPSing,1,3327
I3309,0,Bilingue,6,ThirdPSing,1,5064
I3309,0,Bilingue,7,ThirdPSing,2,
I3309,0,Bilingue,8,ThirdPSing,2,
I3310,0,Bilingue,1,ThirdPSing,1,4578
I3310,0,Bilingue,2,ThirdPSing,1,4737
I3310,0,Bilingue,3,ThirdPSing,2,
I3310,0,Bilingue,4,ThirdPSing,1,1568
I3310,0,Bilingue,5,ThirdPSing,1,1988
I3310,0,Bilingue,6,ThirdPSing,2,
I3310,0,Bilingue,7,ThirdPSing,1,2877
I3310,0,Bilingue,8,ThirdPSing,2,
I3311,0,Bilingue,1,ThirdPSing,2,
I3311,0,Bilingue,2,ThirdPSing,2,
I3311,0,Bilingue,3,ThirdPSing,2,
I3311,0,Bilingue,4,ThirdPSing,1,2734
I3311,0,Bilingue,5,ThirdPSing,2,
I3311,0,Bilingue,6,ThirdPSing,1,1693
I3311,0,Bilingue,7,ThirdPSing,2,
I3311,0,Bilingue,8,ThirdPSing,2,
I3312,0,Bilingue,1,ThirdPSing,1,1182
I3312,0,Bilingue,2,ThirdPSing,2,
I3312,0,Bilingue,3,ThirdPSing,2,
I3312,0,Bilingue,4,ThirdPSing,1,1330
I3312,0,Bilingue,5,ThirdPSing,2,
I3312,0,Bilingue,6,ThirdPSing,2,
I3312,0,Bilingue,7,ThirdPSing,1,1486
I3312,0,Bilingue,8,ThirdPSing,2,
C1114,0,Bilingue,1,ThirdPSing,2,
C1114,0,Bilingue,2,ThirdPSing,1,2669
C1114,0,Bilingue,3,ThirdPSing,2,
C1114,0,Bilingue,4,ThirdPSing,1,1975
C1114,0,Bilingue,5,ThirdPSing,2,
C1114,0,Bilingue,6,ThirdPSing,2,
C1114,0,Bilingue,7,ThirdPSing,2,
C1114,0,Bilingue,8,ThirdPSing,2,
C1115,0,Bilingue,1,ThirdPSing,2,
C1115,0,Bilingue,2,ThirdPSing,2,
C1115,0,Bilingue,3,ThirdPSing,2,
C1115,0,Bilingue,4,ThirdPSing,1,1420
C1115,0,Bilingue,5,ThirdPSing,2,
C1115,0,Bilingue,6,ThirdPSing,2,
C1115,0,Bilingue,7,ThirdPSing,2,
C1115,0,Bilingue,8,ThirdPSing,2,
C1116,0,Bilingue,1,ThirdPSing,2,
C1116,0,Bilingue,2,ThirdPSing,1,2862
C1116,0,Bilingue,3,ThirdPSing,2,
C1116,0,Bilingue,4,ThirdPSing,1,2797
C1116,0,Bilingue,5,ThirdPSing,2,2103
C1116,0,Bilingue,6,ThirdPSing,1,3006
C1116,0,Bilingue,7,ThirdPSing,2,
C1116,0,Bilingue,8,ThirdPSing,2,
C1117,0,Bilingue,1,ThirdPSing,1,2143
C1117,0,Bilingue,2,ThirdPSing,2,
C1117,0,Bilingue,3,ThirdPSing,2,
C1117,0,Bilingue,4,ThirdPSing,2,
C1117,0,Bilingue,5,ThirdPSing,2,
C1117,0,Bilingue,6,ThirdPSing,1,4611
C1117,0,Bilingue,7,ThirdPSing,1,1859
C1117,0,Bilingue,8,ThirdPSing,2,
C1118,0,Bilingue,1,ThirdPSing,2,
C1118,0,Bilingue,2,ThirdPSing,2,
C1118,0,Bilingue,3,ThirdPSing,2,
C1118,0,Bilingue,4,ThirdPSing,2,
C1118,0,Bilingue,5,ThirdPSing,2,
C1118,0,Bilingue,6,ThirdPSing,2,
C1118,0,Bilingue,7,ThirdPSing,2,
C1118,0,Bilingue,8,ThirdPSing,2,
C1119,0,Bilingue,1,ThirdPSing,2,
C1119,0,Bilingue,2,ThirdPSing,1,793
C1119,0,Bilingue,3,ThirdPSing,2,
C1119,0,Bilingue,4,ThirdPSing,2,
C1119,0,Bilingue,5,ThirdPSing,2,
C1119,0,Bilingue,6,ThirdPSing,2,
C1119,0,Bilingue,7,ThirdPSing,1,3566
C1119,0,Bilingue,8,ThirdPSing,1,2664
C1120,0,Bilingue,1,ThirdPSing,1,1688
C1120,0,Bilingue,2,ThirdPSing,1,1605
C1120,0,Bilingue,3,ThirdPSing,2,
C1120,0,Bilingue,4,ThirdPSing,1,1257
C1120,0,Bilingue,5,ThirdPSing,1,1900
C1120,0,Bilingue,6,ThirdPSing,2,
C1120,0,Bilingue,7,ThirdPSing,2,
C1120,0,Bilingue,8,ThirdPSing,2,
C1121,0,Bilingue,1,ThirdPSing,2,
C1121,0,Bilingue,2,ThirdPSing,2,
C1121,0,Bilingue,3,ThirdPSing,1,1963
C1121,0,Bilingue,4,ThirdPSing,1,2084
C1121,0,Bilingue,5,ThirdPSing,2,
C1121,0,Bilingue,6,ThirdPSing,2,
C1121,0,Bilingue,7,ThirdPSing,2,
C1121,0,Bilingue,8,ThirdPSing,1,2718
C1122,0,Bilingue,1,ThirdPSing,2,
C1122,0,Bilingue,2,ThirdPSing,1,2090
C1122,0,Bilingue,3,ThirdPSing,2,
C1122,0,Bilingue,4,ThirdPSing,2,
C1122,0,Bilingue,5,ThirdPSing,3,
C1122,0,Bilingue,6,ThirdPSing,2,
C1122,0,Bilingue,7,ThirdPSing,1,3437
C1122,0,Bilingue,8,ThirdPSing,2,
I1101,0,Bilingue,1,ThirdPSing,1,1231
I1101,0,Bilingue,2,ThirdPSing,2,
I1101,0,Bilingue,3,ThirdPSing,2,
I1101,0,Bilingue,4,ThirdPSing,2,
I1101,0,Bilingue,5,ThirdPSing,2,
I1101,0,Bilingue,6,ThirdPSing,1,1242
I1101,0,Bilingue,7,ThirdPSing,2,
I1101,0,Bilingue,8,ThirdPSing,1,2288
I1102,0,Bilingue,1,ThirdPSing,1,2704
I1102,0,Bilingue,2,ThirdPSing,2,
I1102,0,Bilingue,3,ThirdPSing,2,
I1102,0,Bilingue,4,ThirdPSing,2,
I1102,0,Bilingue,5,ThirdPSing,1,3649
I1102,0,Bilingue,6,ThirdPSing,2,
I1102,0,Bilingue,7,ThirdPSing,2,
I1102,0,Bilingue,8,ThirdPSing,2,
I1103,0,Bilingue,1,ThirdPSing,1,1923
I1103,0,Bilingue,2,ThirdPSing,2,
I1103,0,Bilingue,3,ThirdPSing,1,2480
I1103,0,Bilingue,4,ThirdPSing,2,
I1103,0,Bilingue,5,ThirdPSing,2,
I1103,0,Bilingue,6,ThirdPSing,2,
I1103,0,Bilingue,7,ThirdPSing,1,2354
I1103,0,Bilingue,8,ThirdPSing,2,
I1104,0,Bilingue,1,ThirdPSing,2,
I1104,0,Bilingue,2,ThirdPSing,2,
I1104,0,Bilingue,3,ThirdPSing,1,986
I1104,0,Bilingue,4,ThirdPSing,2,
I1104,0,Bilingue,5,ThirdPSing,1,1998
I1104,0,Bilingue,6,ThirdPSing,2,
I1104,0,Bilingue,7,ThirdPSing,1,2309
I1104,0,Bilingue,8,ThirdPSing,2,
I1105,0,Bilingue,1,ThirdPSing,2,
I1105,0,Bilingue,2,ThirdPSing,2,
I1105,0,Bilingue,3,ThirdPSing,2,
I1105,0,Bilingue,4,ThirdPSing,1,5889
I1105,0,Bilingue,5,ThirdPSing,2,
I1105,0,Bilingue,6,ThirdPSing,2,
I1105,0,Bilingue,7,ThirdPSing,2,
I1105,0,Bilingue,8,ThirdPSing,2,
I1106,0,Bilingue,1,ThirdPSing,2,
I1106,0,Bilingue,2,ThirdPSing,1,3947
I1106,0,Bilingue,3,ThirdPSing,2,
I1106,0,Bilingue,4,ThirdPSing,2,
I1106,0,Bilingue,5,ThirdPSing,2,
I1106,0,Bilingue,6,ThirdPSing,2,
I1106,0,Bilingue,7,ThirdPSing,2,
I1106,0,Bilingue,8,ThirdPSing,2,
I1107,0,Bilingue,1,ThirdPSing,2,
I1107,0,Bilingue,2,ThirdPSing,1,2783
I1107,0,Bilingue,3,ThirdPSing,2,
I1107,0,Bilingue,4,ThirdPSing,2,
I1107,0,Bilingue,5,ThirdPSing,2,
I1107,0,Bilingue,6,ThirdPSing,2,
I1107,0,Bilingue,7,ThirdPSing,1,3018
I1107,0,Bilingue,8,ThirdPSing,2,
E3301,0,Bilingue,1,ThirdPSing,1,1840
E3301,0,Bilingue,2,ThirdPSing,1,2280
E3301,0,Bilingue,3,ThirdPSing,2,
E3301,0,Bilingue,4,ThirdPSing,1,1683
E3301,0,Bilingue,5,ThirdPSing,2,
E3301,0,Bilingue,6,ThirdPSing,1,
E3301,0,Bilingue,7,ThirdPSing,2,2488
E3301,0,Bilingue,8,ThirdPSing,1,
E3302,0,Bilingue,1,ThirdPSing,2,
E3302,0,Bilingue,2,ThirdPSing,2,
E3302,0,Bilingue,3,ThirdPSing,1,1872
E3302,0,Bilingue,4,ThirdPSing,1,1878
E3302,0,Bilingue,5,ThirdPSing,1,1814
E3302,0,Bilingue,6,ThirdPSing,2,
E3302,0,Bilingue,7,ThirdPSing,1,4033
E3302,0,Bilingue,8,ThirdPSing,1,3186
E3303,0,Bilingue,1,ThirdPSing,1,3038
E3303,0,Bilingue,2,ThirdPSing,2,
E3303,0,Bilingue,3,ThirdPSing,2,
E3303,0,Bilingue,4,ThirdPSing,1,1896
E3303,0,Bilingue,5,ThirdPSing,2,
E3303,0,Bilingue,6,ThirdPSing,2,
E3303,0,Bilingue,7,ThirdPSing,1,2128
E3303,0,Bilingue,8,ThirdPSing,1,2740
E3304,0,Bilingue,1,ThirdPSing,2,
E3304,0,Bilingue,2,ThirdPSing,1,1775
E3304,0,Bilingue,3,ThirdPSing,2,
E3304,0,Bilingue,4,ThirdPSing,2,
E3304,0,Bilingue,5,ThirdPSing,2,
E3304,0,Bilingue,6,ThirdPSing,2,
E3304,0,Bilingue,7,ThirdPSing,1,1223
E3304,0,Bilingue,8,ThirdPSing,2,
E3305,0,Bilingue,1,ThirdPSing,1,1572
E3305,0,Bilingue,2,ThirdPSing,2,
E3305,0,Bilingue,3,ThirdPSing,1,1940
E3305,0,Bilingue,4,ThirdPSing,1,2805
E3305,0,Bilingue,5,ThirdPSing,2,
E3305,0,Bilingue,6,ThirdPSing,1,3471
E3305,0,Bilingue,7,ThirdPSing,2,
E3305,0,Bilingue,8,ThirdPSing,2,
E3306,0,Bilingue,1,ThirdPSing,1,1247
E3306,0,Bilingue,2,ThirdPSing,2,
E3306,0,Bilingue,3,ThirdPSing,1,1295
E3306,0,Bilingue,4,ThirdPSing,1,1129
E3306,0,Bilingue,5,ThirdPSing,2,
E3306,0,Bilingue,6,ThirdPSing,2,
E3306,0,Bilingue,7,ThirdPSing,1,1512
E3306,0,Bilingue,8,ThirdPSing,2,
E3307,0,Bilingue,1,ThirdPSing,2,
E3307,0,Bilingue,2,ThirdPSing,2,
E3307,0,Bilingue,3,ThirdPSing,2,
E3307,0,Bilingue,4,ThirdPSing,2,
E3307,0,Bilingue,5,ThirdPSing,2,
E3307,0,Bilingue,6,ThirdPSing,1,3583
E3307,0,Bilingue,7,ThirdPSing,2,
E3307,0,Bilingue,8,ThirdPSing,2,
E3308,0,Bilingue,1,ThirdPSing,1,1251
E3308,0,Bilingue,2,ThirdPSing,1,2017
E3308,0,Bilingue,3,ThirdPSing,2,
E3308,0,Bilingue,4,ThirdPSing,1,1032
E3308,0,Bilingue,5,ThirdPSing,2,
E3308,0,Bilingue,6,ThirdPSing,2,
E3308,0,Bilingue,7,ThirdPSing,1,1732
E3308,0,Bilingue,8,ThirdPSing,1,1452
E3309,0,Bilingue,1,ThirdPSing,2,
E3309,0,Bilingue,2,ThirdPSing,2,
E3309,0,Bilingue,3,ThirdPSing,1,1922
E3309,0,Bilingue,4,ThirdPSing,2,
E3309,0,Bilingue,5,ThirdPSing,2,
E3309,0,Bilingue,6,ThirdPSing,2,
E3309,0,Bilingue,7,ThirdPSing,2,
E3309,0,Bilingue,8,ThirdPSing,2,
E3310,0,Bilingue,1,ThirdPSing,1,915
E3310,0,Bilingue,2,ThirdPSing,1,2005
E3310,0,Bilingue,3,ThirdPSing,2,
E3310,0,Bilingue,4,ThirdPSing,2,
E3310,0,Bilingue,5,ThirdPSing,2,
E3310,0,Bilingue,6,ThirdPSing,2,
E3310,0,Bilingue,7,ThirdPSing,1,1833
E3310,0,Bilingue,8,ThirdPSing,1,1226
E3311,0,Bilingue,1,ThirdPSing,2,
E3311,0,Bilingue,2,ThirdPSing,2,
E3311,0,Bilingue,3,ThirdPSing,1,5371
E3311,0,Bilingue,4,ThirdPSing,2,
E3311,0,Bilingue,5,ThirdPSing,1,6061
E3311,0,Bilingue,6,ThirdPSing,2,
E3311,0,Bilingue,7,ThirdPSing,1,4496
E3311,0,Bilingue,8,ThirdPSing,2,
E3312,0,Bilingue,1,ThirdPSing,2,
E3312,0,Bilingue,2,ThirdPSing,2,
E3312,0,Bilingue,3,ThirdPSing,2,
E3312,0,Bilingue,4,ThirdPSing,2,
E3312,0,Bilingue,5,ThirdPSing,2,
E3312,0,Bilingue,6,ThirdPSing,2,
E3312,0,Bilingue,7,ThirdPSing,1,1308
E3312,0,Bilingue,8,ThirdPSing,1,970
E3313,0,Bilingue,1,ThirdPSing,2,
E3313,0,Bilingue,2,ThirdPSing,1,1268
E3313,0,Bilingue,3,ThirdPSing,2,
E3313,0,Bilingue,4,ThirdPSing,1,1736
E3313,0,Bilingue,5,ThirdPSing,2,
E3313,0,Bilingue,6,ThirdPSing,2,
E3313,0,Bilingue,7,ThirdPSing,2,
E3313,0,Bilingue,8,ThirdPSing,2,
E3314,0,Bilingue,1,ThirdPSing,1,"134,4"
E3314,0,Bilingue,2,ThirdPSing,2,
E3314,0,Bilingue,3,ThirdPSing,1,2476
E3314,0,Bilingue,4,ThirdPSing,1,1880
E3314,0,Bilingue,5,ThirdPSing,1,3077
E3314,0,Bilingue,6,ThirdPSing,1,3009
E3314,0,Bilingue,7,ThirdPSing,1,2192
E3314,0,Bilingue,8,ThirdPSing,1,2882
C3306,1,Bilingue,1,ThirdPSing,2,
C3306,1,Bilingue,2,ThirdPSing,1,3919
C3306,1,Bilingue,3,ThirdPSing,1,4132
C3306,1,Bilingue,4,ThirdPSing,1,2853
C3306,1,Bilingue,5,ThirdPSing,1,3288
C3306,1,Bilingue,6,ThirdPSing,2,
C3306,1,Bilingue,7,ThirdPSing,2,
C3306,1,Bilingue,8,ThirdPSing,1,2716
C3307,1,Bilingue,1,ThirdPSing,1,1177
C3307,1,Bilingue,2,ThirdPSing,2,
C3307,1,Bilingue,3,ThirdPSing,2,
C3307,1,Bilingue,4,ThirdPSing,2,
C3307,1,Bilingue,5,ThirdPSing,2,
C3307,1,Bilingue,6,ThirdPSing,1,1144
C3307,1,Bilingue,7,ThirdPSing,2,
C3307,1,Bilingue,8,ThirdPSing,1,2571
C3308,1,Bilingue,1,ThirdPSing,1,1347
C3308,1,Bilingue,2,ThirdPSing,2,
C3308,1,Bilingue,3,ThirdPSing,2,
C3308,1,Bilingue,4,ThirdPSing,2,
C3308,1,Bilingue,5,ThirdPSing,1,1553
C3308,1,Bilingue,6,ThirdPSing,2,
C3308,1,Bilingue,7,ThirdPSing,1,1664
C3308,1,Bilingue,8,ThirdPSing,1,3336
C3309,1,Bilingue,1,ThirdPSing,1,2269
C3309,1,Bilingue,2,ThirdPSing,2,
C3309,1,Bilingue,3,ThirdPSing,2,
C3309,1,Bilingue,4,ThirdPSing,1,2319
C3309,1,Bilingue,5,ThirdPSing,2,
C3309,1,Bilingue,6,ThirdPSing,2,
C3309,1,Bilingue,7,ThirdPSing,1,3067
C3309,1,Bilingue,8,ThirdPSing,1,2511
C3310,1,Bilingue,1,ThirdPSing,2,
C3310,1,Bilingue,2,ThirdPSing,1,2680
C3310,1,Bilingue,3,ThirdPSing,2,
C3310,1,Bilingue,4,ThirdPSing,2,
C3310,1,Bilingue,5,ThirdPSing,2,
C3310,1,Bilingue,6,ThirdPSing,2,
C3310,1,Bilingue,7,ThirdPSing,2,
C3310,1,Bilingue,8,ThirdPSing,2,
E1111,1,Bilingue,1,ThirdPSing,1,1814
E1111,1,Bilingue,2,ThirdPSing,2,
E1111,1,Bilingue,3,ThirdPSing,2,
E1111,1,Bilingue,4,ThirdPSing,1,1825
E1111,1,Bilingue,5,ThirdPSing,2,
E1111,1,Bilingue,6,ThirdPSing,2,
E1111,1,Bilingue,7,ThirdPSing,1,3264
E1111,1,Bilingue,8,ThirdPSing,2,
I3313,1,Bilingue,1,ThirdPSing,2,
I3313,1,Bilingue,2,ThirdPSing,2,
I3313,1,Bilingue,3,ThirdPSing,1,3644
I3313,1,Bilingue,4,ThirdPSing,1,3647
I3313,1,Bilingue,5,ThirdPSing,2,
I3313,1,Bilingue,6,ThirdPSing,1,1557
I3313,1,Bilingue,7,ThirdPSing,2,
I3313,1,Bilingue,8,ThirdPSing,1,2828
I3314,1,Bilingue,1,ThirdPSing,1,1520
I3314,1,Bilingue,2,ThirdPSing,1,2229
I3314,1,Bilingue,3,ThirdPSing,1,1542
I3314,1,Bilingue,4,ThirdPSing,2,
I3314,1,Bilingue,5,ThirdPSing,1,1969
I3314,1,Bilingue,6,ThirdPSing,2,
I3314,1,Bilingue,7,ThirdPSing,1,4480
I3314,1,Bilingue,8,ThirdPSing,2,
I3315,1,Bilingue,1,ThirdPSing,1,977
I3315,1,Bilingue,2,ThirdPSing,1,1570
I3315,1,Bilingue,3,ThirdPSing,2,
I3315,1,Bilingue,4,ThirdPSing,1,981
I3315,1,Bilingue,5,ThirdPSing,1,1420
I3315,1,Bilingue,6,ThirdPSing,1,4595
I3315,1,Bilingue,7,ThirdPSing,1,2258
I3315,1,Bilingue,8,ThirdPSing,2,
I3316,1,Bilingue,1,ThirdPSing,1,2583
I3316,1,Bilingue,2,ThirdPSing,2,
I3316,1,Bilingue,3,ThirdPSing,2,
I3316,1,Bilingue,4,ThirdPSing,1,"136,9"
I3316,1,Bilingue,5,ThirdPSing,2,
I3316,1,Bilingue,6,ThirdPSing,2,
I3316,1,Bilingue,7,ThirdPSing,1,2747
I3316,1,Bilingue,8,ThirdPSing,2,
I3317,1,Bilingue,1,ThirdPSing,1,2735
I3317,1,Bilingue,2,ThirdPSing,2,
I3317,1,Bilingue,3,ThirdPSing,2,
I3317,1,Bilingue,4,ThirdPSing,1,1946
I3317,1,Bilingue,5,ThirdPSing,2,
I3317,1,Bilingue,6,ThirdPSing,2,
I3317,1,Bilingue,7,ThirdPSing,1,2512
I3317,1,Bilingue,8,ThirdPSing,2,
I3318,1,Bilingue,1,ThirdPSing,2,
I3318,1,Bilingue,2,ThirdPSing,2,
I3318,1,Bilingue,3,ThirdPSing,2,
I3318,1,Bilingue,4,ThirdPSing,1,4498
I3318,1,Bilingue,5,ThirdPSing,2,
I3318,1,Bilingue,6,ThirdPSing,2,
I3318,1,Bilingue,7,ThirdPSing,1,2996
I3318,1,Bilingue,8,ThirdPSing,2,
C1123,1,Bilingue,1,ThirdPSing,2,
C1123,1,Bilingue,2,ThirdPSing,2,
C1123,1,Bilingue,3,ThirdPSing,2,
C1123,1,Bilingue,4,ThirdPSing,2,
C1123,1,Bilingue,5,ThirdPSing,2,
C1123,1,Bilingue,6,ThirdPSing,2,
C1123,1,Bilingue,7,ThirdPSing,2,
C1123,1,Bilingue,8,ThirdPSing,2,
I1108,1,Bilingue,1,ThirdPSing,2,
I1108,1,Bilingue,2,ThirdPSing,2,
I1108,1,Bilingue,3,ThirdPSing,2,
I1108,1,Bilingue,4,ThirdPSing,1,1398
I1108,1,Bilingue,5,ThirdPSing,2,
I1108,1,Bilingue,6,ThirdPSing,2,
I1108,1,Bilingue,7,ThirdPSing,1,1589
I1108,1,Bilingue,8,ThirdPSing,1,1552
I1109,1,Bilingue,1,ThirdPSing,1,1590
I1109,1,Bilingue,2,ThirdPSing,2,
I1109,1,Bilingue,3,ThirdPSing,2,
I1109,1,Bilingue,4,ThirdPSing,1,1204
I1109,1,Bilingue,5,ThirdPSing,2,
I1109,1,Bilingue,6,ThirdPSing,2,
I1109,1,Bilingue,7,ThirdPSing,1,4031
I1109,1,Bilingue,8,ThirdPSing,1,3868
E3315,1,Bilingue,1,ThirdPSing,1,1428
E3315,1,Bilingue,2,ThirdPSing,1,4100
E3315,1,Bilingue,3,ThirdPSing,2,
E3315,1,Bilingue,4,ThirdPSing,2,
E3315,1,Bilingue,5,ThirdPSing,2,
E3315,1,Bilingue,6,ThirdPSing,1,2107
E3315,1,Bilingue,7,ThirdPSing,1,2756
E3315,1,Bilingue,8,ThirdPSing,2,
C3311,2,Bilingue,1,ThirdPSing,1,"242,5"
C3311,2,Bilingue,2,ThirdPSing,2,
C3311,2,Bilingue,3,ThirdPSing,1,1879
C3311,2,Bilingue,4,ThirdPSing,1,1452
C3311,2,Bilingue,5,ThirdPSing,2,
C3311,2,Bilingue,6,ThirdPSing,2,
C3311,2,Bilingue,7,ThirdPSing,1,1669
C3311,2,Bilingue,8,ThirdPSing,2,
C3312,2,Bilingue,1,ThirdPSing,1,2327
C3312,2,Bilingue,2,ThirdPSing,1,2162
C3312,2,Bilingue,3,ThirdPSing,2,
C3312,2,Bilingue,4,ThirdPSing,2,
C3312,2,Bilingue,5,ThirdPSing,2,
C3312,2,Bilingue,6,ThirdPSing,2,
C3312,2,Bilingue,7,ThirdPSing,1,2023
C3312,2,Bilingue,8,ThirdPSing,2,
C3313,2,Bilingue,1,ThirdPSing,1,1880
C3313,2,Bilingue,2,ThirdPSing,1,2875
C3313,2,Bilingue,3,ThirdPSing,1,2019
C3313,2,Bilingue,4,ThirdPSing,1,1345
C3313,2,Bilingue,5,ThirdPSing,1,1603
C3313,2,Bilingue,6,ThirdPSing,1,2352
C3313,2,Bilingue,7,ThirdPSing,1,2605
C3313,2,Bilingue,8,ThirdPSing,2,
C3314,2,Bilingue,1,ThirdPSing,1,2136
C3314,2,Bilingue,2,ThirdPSing,1,2622
C3314,2,Bilingue,3,ThirdPSing,2,
C3314,2,Bilingue,4,ThirdPSing,2,
C3314,2,Bilingue,5,ThirdPSing,1,1935
C3314,2,Bilingue,6,ThirdPSing,2,
C3314,2,Bilingue,7,ThirdPSing,2,
C3314,2,Bilingue,8,ThirdPSing,2,
C3315,2,Bilingue,1,ThirdPSing,1,2685
C3315,2,Bilingue,2,ThirdPSing,1,2714
C3315,2,Bilingue,3,ThirdPSing,2,
C3315,2,Bilingue,4,ThirdPSing,2,
C3315,2,Bilingue,5,ThirdPSing,2,
C3315,2,Bilingue,6,ThirdPSing,2,
C3315,2,Bilingue,7,ThirdPSing,1,1719
C3315,2,Bilingue,8,ThirdPSing,2,
E1112,2,Bilingue,1,ThirdPSing,1,2647
E1112,2,Bilingue,2,ThirdPSing,2,
E1112,2,Bilingue,3,ThirdPSing,2,
E1112,2,Bilingue,4,ThirdPSing,1,1469
E1112,2,Bilingue,5,ThirdPSing,2,
E1112,2,Bilingue,6,ThirdPSing,2,
E1112,2,Bilingue,7,ThirdPSing,1,2724
E1112,2,Bilingue,8,ThirdPSing,1,5343
E1113,2,Bilingue,1,ThirdPSing,1,854
E1113,2,Bilingue,2,ThirdPSing,1,1314
E1113,2,Bilingue,3,ThirdPSing,1,772
E1113,2,Bilingue,4,ThirdPSing,1,938
E1113,2,Bilingue,5,ThirdPSing,1,2258
E1113,2,Bilingue,6,ThirdPSing,2,
E1113,2,Bilingue,7,ThirdPSing,1,1707
E1113,2,Bilingue,8,ThirdPSing,1,1183
E1114,2,Bilingue,1,ThirdPSing,1,1604
E1114,2,Bilingue,2,ThirdPSing,2,
E1114,2,Bilingue,3,ThirdPSing,1,1440
E1114,2,Bilingue,4,ThirdPSing,1,1679
E1114,2,Bilingue,5,ThirdPSing,2,
E1114,2,Bilingue,6,ThirdPSing,1,1506
E1114,2,Bilingue,7,ThirdPSing,2,
E1114,2,Bilingue,8,ThirdPSing,2,
C1124,2,Bilingue,1,ThirdPSing,1,1078
C1124,2,Bilingue,2,ThirdPSing,2,
C1124,2,Bilingue,3,ThirdPSing,2,
C1124,2,Bilingue,4,ThirdPSing,1,2420
C1124,2,Bilingue,5,ThirdPSing,2,
C1124,2,Bilingue,6,ThirdPSing,1,1853
C1124,2,Bilingue,7,ThirdPSing,1,2331
C1124,2,Bilingue,8,ThirdPSing,2,
C1125,2,Bilingue,1,ThirdPSing,1,2845
C1125,2,Bilingue,2,ThirdPSing,2,
C1125,2,Bilingue,3,ThirdPSing,1,4494
C1125,2,Bilingue,4,ThirdPSing,1,3117
C1125,2,Bilingue,5,ThirdPSing,1,3316
C1125,2,Bilingue,6,ThirdPSing,2,
C1125,2,Bilingue,7,ThirdPSing,2,
C1125,2,Bilingue,8,ThirdPSing,2,
C1126,2,Bilingue,1,ThirdPSing,1,1584
C1126,2,Bilingue,2,ThirdPSing,1,2303
C1126,2,Bilingue,3,ThirdPSing,1,1680
C1126,2,Bilingue,4,ThirdPSing,1,1093
C1126,2,Bilingue,5,ThirdPSing,2,
C1126,2,Bilingue,6,ThirdPSing,1,1439
C1126,2,Bilingue,7,ThirdPSing,2,
C1126,2,Bilingue,8,ThirdPSing,2,
I3319,2,Bilingue,1,ThirdPSing,1,1126
I3319,2,Bilingue,2,ThirdPSing,1,2472
I3319,2,Bilingue,3,ThirdPSing,1,1394
I3319,2,Bilingue,4,ThirdPSing,1,1411
I3319,2,Bilingue,5,ThirdPSing,2,
I3319,2,Bilingue,6,ThirdPSing,2,
I3319,2,Bilingue,7,ThirdPSing,1,1251
I3319,2,Bilingue,8,ThirdPSing,2,
I3320,2,Bilingue,1,ThirdPSing,1,1599
I3320,2,Bilingue,2,ThirdPSing,1,3745
I3320,2,Bilingue,3,ThirdPSing,1,1264
I3320,2,Bilingue,4,ThirdPSing,1,2481
I3320,2,Bilingue,5,ThirdPSing,2,
I3320,2,Bilingue,6,ThirdPSing,2,
I3320,2,Bilingue,7,ThirdPSing,1,2628
I3320,2,Bilingue,8,ThirdPSing,2,
I3321,2,Bilingue,1,ThirdPSing,1,1028
I3321,2,Bilingue,2,ThirdPSing,2,
I3321,2,Bilingue,3,ThirdPSing,1,1010
I3321,2,Bilingue,4,ThirdPSing,1,1453
I3321,2,Bilingue,5,ThirdPSing,2,
I3321,2,Bilingue,6,ThirdPSing,1,1856
I3321,2,Bilingue,7,ThirdPSing,2,
I3321,2,Bilingue,8,ThirdPSing,1,854
I3322,2,Bilingue,1,ThirdPSing,1,2080
I3322,2,Bilingue,2,ThirdPSing,1,3088
I3322,2,Bilingue,3,ThirdPSing,1,4381
I3322,2,Bilingue,4,ThirdPSing,1,1952
I3322,2,Bilingue,5,ThirdPSing,1,3021
I3322,2,Bilingue,6,ThirdPSing,1,2053
I3322,2,Bilingue,7,ThirdPSing,1,1885
I3322,2,Bilingue,8,ThirdPSing,1,2034
I3323,2,Bilingue,1,ThirdPSing,1,1603
I3323,2,Bilingue,2,ThirdPSing,2,
I3323,2,Bilingue,3,ThirdPSing,2,
I3323,2,Bilingue,4,ThirdPSing,1,1670
I3323,2,Bilingue,5,ThirdPSing,2,
I3323,2,Bilingue,6,ThirdPSing,2,
I3323,2,Bilingue,7,ThirdPSing,1,1319
I3323,2,Bilingue,8,ThirdPSing,2,
I3324,2,Bilingue,1,ThirdPSing,1,1204
I3324,2,Bilingue,2,ThirdPSing,2,
I3324,2,Bilingue,3,ThirdPSing,1,1712
I3324,2,Bilingue,4,ThirdPSing,1,1099
I3324,2,Bilingue,5,ThirdPSing,1,1053
I3324,2,Bilingue,6,ThirdPSing,1,1929
I3324,2,Bilingue,7,ThirdPSing,2,
I3324,2,Bilingue,8,ThirdPSing,2,
I3325,2,Bilingue,1,ThirdPSing,1,6491
I3325,2,Bilingue,2,ThirdPSing,1,6588
I3325,2,Bilingue,3,ThirdPSing,2,
I3325,2,Bilingue,4,ThirdPSing,2,
I3325,2,Bilingue,5,ThirdPSing,2,
I3325,2,Bilingue,6,ThirdPSing,2,
I3325,2,Bilingue,7,ThirdPSing,2,
I3325,2,Bilingue,8,ThirdPSing,1,1911
I3326,2,Bilingue,1,ThirdPSing,1,1519
I3326,2,Bilingue,2,ThirdPSing,2,
I3326,2,Bilingue,3,ThirdPSing,2,
I3326,2,Bilingue,4,ThirdPSing,1,1015
I3326,2,Bilingue,5,ThirdPSing,1,1449
I3326,2,Bilingue,6,ThirdPSing,1,1880
I3326,2,Bilingue,7,ThirdPSing,1,1445
I3326,2,Bilingue,8,ThirdPSing,1,1203
I3327,2,Bilingue,1,ThirdPSing,1,1356
I3327,2,Bilingue,2,ThirdPSing,1,2067
I3327,2,Bilingue,3,ThirdPSing,1,2965
I3327,2,Bilingue,4,ThirdPSing,1,940
I3327,2,Bilingue,5,ThirdPSing,2,
I3327,2,Bilingue,6,ThirdPSing,1,4611
I3327,2,Bilingue,7,ThirdPSing,1,1217
I3327,2,Bilingue,8,ThirdPSing,2,
I3328,2,Bilingue,1,ThirdPSing,1,1159
I3328,2,Bilingue,2,ThirdPSing,2,
I3328,2,Bilingue,3,ThirdPSing,2,
I3328,2,Bilingue,4,ThirdPSing,1,1072
I3328,2,Bilingue,5,ThirdPSing,2,
I3328,2,Bilingue,6,ThirdPSing,1,980
I3328,2,Bilingue,7,ThirdPSing,1,1407
I3328,2,Bilingue,8,ThirdPSing,2,
I3329,2,Bilingue,1,ThirdPSing,1,2033
I3329,2,Bilingue,2,ThirdPSing,2,
I3329,2,Bilingue,3,ThirdPSing,1,3422
I3329,2,Bilingue,4,ThirdPSing,1,1020
I3329,2,Bilingue,5,ThirdPSing,2,
I3329,2,Bilingue,6,ThirdPSing,1,2387
I3329,2,Bilingue,7,ThirdPSing,1,1233
I3329,2,Bilingue,8,ThirdPSing,1,1936
C1127,2,Bilingue,1,ThirdPSing,1,2071
C1127,2,Bilingue,2,ThirdPSing,1,2444
C1127,2,Bilingue,3,ThirdPSing,1,2955
C1127,2,Bilingue,4,ThirdPSing,3,
C1127,2,Bilingue,5,ThirdPSing,2,
C1127,2,Bilingue,6,ThirdPSing,2,
C1127,2,Bilingue,7,ThirdPSing,1,3565
C1127,2,Bilingue,8,ThirdPSing,2,
C1128,2,Bilingue,1,ThirdPSing,1,1081
C1128,2,Bilingue,2,ThirdPSing,2,
C1128,2,Bilingue,3,ThirdPSing,2,
C1128,2,Bilingue,4,ThirdPSing,2,
C1128,2,Bilingue,5,ThirdPSing,1,1194
C1128,2,Bilingue,6,ThirdPSing,2,
C1128,2,Bilingue,7,ThirdPSing,1,1261
C1128,2,Bilingue,8,ThirdPSing,1,1225
I1110,2,Bilingue,1,ThirdPSing,1,1522
I1110,2,Bilingue,2,ThirdPSing,2,
I1110,2,Bilingue,3,ThirdPSing,2,
I1110,2,Bilingue,4,ThirdPSing,1,2975
I1110,2,Bilingue,5,ThirdPSing,1,3520
I1110,2,Bilingue,6,ThirdPSing,1,3254
I1110,2,Bilingue,7,ThirdPSing,1,1409
I1110,2,Bilingue,8,ThirdPSing,2,
I1111,2,Bilingue,1,ThirdPSing,1,842
I1111,2,Bilingue,2,ThirdPSing,1,1170
I1111,2,Bilingue,3,ThirdPSing,1,807
I1111,2,Bilingue,4,ThirdPSing,1,1057
I1111,2,Bilingue,5,ThirdPSing,2,
I1111,2,Bilingue,6,ThirdPSing,1,2574
I1111,2,Bilingue,7,ThirdPSing,1,928
I1111,2,Bilingue,8,ThirdPSing,2,
I1112,2,Bilingue,1,ThirdPSing,1,964
I1112,2,Bilingue,2,ThirdPSing,2,
I1112,2,Bilingue,3,ThirdPSing,1,1953
I1112,2,Bilingue,4,ThirdPSing,1,2402
I1112,2,Bilingue,5,ThirdPSing,1,1355
I1112,2,Bilingue,6,ThirdPSing,1,2108
I1112,2,Bilingue,7,ThirdPSing,1,1318
I1112,2,Bilingue,8,ThirdPSing,2,
I1113,2,Bilingue,1,ThirdPSing,1,1558
I1113,2,Bilingue,2,ThirdPSing,1,2113
I1113,2,Bilingue,3,ThirdPSing,1,1620
I1113,2,Bilingue,4,ThirdPSing,1,2148
I1113,2,Bilingue,5,ThirdPSing,1,2822
I1113,2,Bilingue,6,ThirdPSing,1,1887
I1113,2,Bilingue,7,ThirdPSing,2,
I1113,2,Bilingue,8,ThirdPSing,2,
I1114,2,Bilingue,1,ThirdPSing,1,1105
I1114,2,Bilingue,2,ThirdPSing,1,2304
I1114,2,Bilingue,3,ThirdPSing,2,
I1114,2,Bilingue,4,ThirdPSing,1,790
I1114,2,Bilingue,5,ThirdPSing,2,
I1114,2,Bilingue,6,ThirdPSing,1,2388
I1114,2,Bilingue,7,ThirdPSing,1,4060
I1114,2,Bilingue,8,ThirdPSing,2,
E3316,2,Bilingue,1,ThirdPSing,1,2196
E3316,2,Bilingue,2,ThirdPSing,2,
E3316,2,Bilingue,3,ThirdPSing,1,2144
E3316,2,Bilingue,4,ThirdPSing,1,2564
E3316,2,Bilingue,5,ThirdPSing,1,2552
E3316,2,Bilingue,6,ThirdPSing,1,3472
E3316,2,Bilingue,7,ThirdPSing,2,
E3316,2,Bilingue,8,ThirdPSing,2,
E3317,2,Bilingue,1,ThirdPSing,1,1000
E3317,2,Bilingue,2,ThirdPSing,1,2155
E3317,2,Bilingue,3,ThirdPSing,2,
E3317,2,Bilingue,4,ThirdPSing,1,1772
E3317,2,Bilingue,5,ThirdPSing,2,
E3317,2,Bilingue,6,ThirdPSing,2,
E3317,2,Bilingue,7,ThirdPSing,1,1735
E3317,2,Bilingue,8,ThirdPSing,1,1068
E3318,2,Bilingue,1,ThirdPSing,1,4377
E3318,2,Bilingue,2,ThirdPSing,1,2804
E3318,2,Bilingue,3,ThirdPSing,2,
E3318,2,Bilingue,4,ThirdPSing,2,
E3318,2,Bilingue,5,ThirdPSing,2,
E3318,2,Bilingue,6,ThirdPSing,2,
E3318,2,Bilingue,7,ThirdPSing,2,
E3318,2,Bilingue,8,ThirdPSing,1,1972
E3319,2,Bilingue,1,ThirdPSing,2,
E3319,2,Bilingue,2,ThirdPSing,1,1643
E3319,2,Bilingue,3,ThirdPSing,2,
E3319,2,Bilingue,4,ThirdPSing,1,2451
E3319,2,Bilingue,5,ThirdPSing,2,
E3319,2,Bilingue,6,ThirdPSing,2,
E3319,2,Bilingue,7,ThirdPSing,2,
E3319,2,Bilingue,8,ThirdPSing,2,
E3320,2,Bilingue,1,ThirdPSing,1,1886
E3320,2,Bilingue,2,ThirdPSing,1,3135
E3320,2,Bilingue,3,ThirdPSing,1,974
E3320,2,Bilingue,4,ThirdPSing,1,1002
E3320,2,Bilingue,5,ThirdPSing,1,1613
E3320,2,Bilingue,6,ThirdPSing,2,
E3320,2,Bilingue,7,ThirdPSing,1,2580
E3320,2,Bilingue,8,ThirdPSing,2,
E3321,2,Bilingue,1,ThirdPSing,1,1538
E3321,2,Bilingue,2,ThirdPSing,1,1816
E3321,2,Bilingue,3,ThirdPSing,1,1781
E3321,2,Bilingue,4,ThirdPSing,1,1421
E3321,2,Bilingue,5,ThirdPSing,1,2395
E3321,2,Bilingue,6,ThirdPSing,2,
E3321,2,Bilingue,7,ThirdPSing,1,2099
E3321,2,Bilingue,8,ThirdPSing,1,1982
E3322,2,Bilingue,1,ThirdPSing,2,
E3322,2,Bilingue,2,ThirdPSing,2,
E3322,2,Bilingue,3,ThirdPSing,2,
E3322,2,Bilingue,4,ThirdPSing,1,1488
E3322,2,Bilingue,5,ThirdPSing,2,
E3322,2,Bilingue,6,ThirdPSing,2,
E3322,2,Bilingue,7,ThirdPSing,1,2647
E3322,2,Bilingue,8,ThirdPSing,1,2227
E3323,2,Bilingue,1,ThirdPSing,2,
E3323,2,Bilingue,2,ThirdPSing,2,
E3323,2,Bilingue,3,ThirdPSing,1,1032
E3323,2,Bilingue,4,ThirdPSing,2,
E3323,2,Bilingue,5,ThirdPSing,1,1880
E3323,2,Bilingue,6,ThirdPSing,1,1257
E3323,2,Bilingue,7,ThirdPSing,1,1508
E3323,2,Bilingue,8,ThirdPSing,1,1239
