Participante,VLT,Perfil,ID_Maze,tipo_De_Frase,Resposta,RT_Alvo,Ordem
1,5,Bilingue,1,Temp.Red.IV,2,1636,A
1,5,Bilingue,2,Temp.Red.IV,2,2628,A
1,5,Bilingue,3,Temp.Red.IV,1,1092,A
1,5,Bilingue,4,Temp.Red.IV,1,748,A
1,5,Bilingue,5,Temp.Red.IV,2,1172,A
1,5,Bilingue,6,Temp.Red.IV,1,1132,A
1,5,Bilingue,7,Temp.Red.IV,2,932,A
1,5,Bilingue,8,Temp.Red.IV,1,2012,A
1,5,Bilingue,9,Non.Temp.Red.IV,1,980,A
1,5,Bilingue,10,Non.Temp.Red.IV,2,1732,A
1,5,Bilingue,11,Non.Temp.Red.IV,2,1356,A
1,5,Bilingue,12,Non.Temp.Red.IV,1,739,A
1,5,Bilingue,13,Non.Temp.Red.IV,2,2020,A
1,5,Bilingue,14,Non.Temp.Red.IV,2,1141,A
1,5,Bilingue,15,Non.Temp.Red.IV,1,844,A
1,5,Bilingue,16,Non.Temp.Red.IV,1,1459,A
1,5,Bilingue,17,Temp.Red.PV,2,940,A
1,5,Bilingue,18,Temp.Red.PV,2,1252,A
1,5,Bilingue,19,Temp.Red.PV,2,1252,A
1,5,Bilingue,20,Temp.Red.PV,2,1428,A
1,5,Bilingue,21,Temp.Red.PV,1,844,A
1,5,Bilingue,22,Temp.Red.PV,1,1028,A
1,5,Bilingue,23,Temp.Red.PV,2,988,A
1,5,Bilingue,24,Temp.Red.PV,1,940,A
2,5,Bilingue,1,Temp.Red.IV,1,2154,B
2,5,Bilingue,2,Temp.Red.IV,2,1198,B
2,5,Bilingue,3,Temp.Red.IV,1,2107,B
2,5,Bilingue,4,Temp.Red.IV,1,861,B
2,5,Bilingue,5,Temp.Red.IV,1,2011,B
2,5,Bilingue,6,Temp.Red.IV,1,959,B
2,5,Bilingue,7,Temp.Red.IV,2,1267,B
2,5,Bilingue,8,Temp.Red.IV,2,1052,B
2,5,Bilingue,9,Non.Temp.Red.IV,2,1628,B
2,5,Bilingue,10,Non.Temp.Red.IV,2,1170,B
2,5,Bilingue,11,Non.Temp.Red.IV,1,3784,B
2,5,Bilingue,12,Non.Temp.Red.IV,2,2455,B
2,5,Bilingue,13,Non.Temp.Red.IV,2,1097,B
2,5,Bilingue,14,Non.Temp.Red.IV,2,1560,B
2,5,Bilingue,15,Non.Temp.Red.IV,2,1234,B
2,5,Bilingue,16,Non.Temp.Red.IV,1,1168,B
2,5,Bilingue,17,Temp.Red.PV,1,938,B
2,5,Bilingue,18,Temp.Red.PV,1,959,B
2,5,Bilingue,19,Temp.Red.PV,2,2564,B
2,5,Bilingue,20,Temp.Red.PV,1,761,B
2,5,Bilingue,21,Temp.Red.PV,1,1441,B
2,5,Bilingue,22,Temp.Red.PV,1,809,B
2,5,Bilingue,23,Temp.Red.PV,2,1053,B
2,5,Bilingue,24,Temp.Red.PV,2,1602,B
7,5,Bilingue,1,Temp.Red.IV,1,1699,B
7,5,Bilingue,2,Temp.Red.IV,1,3532,B
7,5,Bilingue,3,Temp.Red.IV,2,2581,B
7,5,Bilingue,4,Temp.Red.IV,1,1542,B
7,5,Bilingue,5,Temp.Red.IV,1,2158,B
7,5,Bilingue,6,Temp.Red.IV,1,2482,B
7,5,Bilingue,7,Temp.Red.IV,1,1025,B
7,5,Bilingue,8,Temp.Red.IV,2,3291,B
7,5,Bilingue,9,Non.Temp.Red.IV,1,3628,B
7,5,Bilingue,10,Non.Temp.Red.IV,1,3172,B
7,5,Bilingue,11,Non.Temp.Red.IV,2,2818,B
7,5,Bilingue,12,Non.Temp.Red.IV,2,1568,B
7,5,Bilingue,13,Non.Temp.Red.IV,2,2980,B
7,5,Bilingue,14,Non.Temp.Red.IV,2,3988,B
7,5,Bilingue,15,Non.Temp.Red.IV,1,2902,B
7,5,Bilingue,16,Non.Temp.Red.IV,1,2932,B
7,5,Bilingue,17,Temp.Red.PV,1,2479,B
7,5,Bilingue,18,Temp.Red.PV,1,6631,B
7,5,Bilingue,19,Temp.Red.PV,2,3012,B
7,5,Bilingue,20,Temp.Red.PV,2,2085,B
7,5,Bilingue,21,Temp.Red.PV,1,2766,B
7,5,Bilingue,22,Temp.Red.PV,1,2126,B
7,5,Bilingue,23,Temp.Red.PV,2,1910,B
7,5,Bilingue,24,Temp.Red.PV,1,3383,B
10,5,Bilingue,1,Temp.Red.IV,2,1872,A
10,5,Bilingue,2,Temp.Red.IV,1,901,A
10,5,Bilingue,3,Temp.Red.IV,2,1327,A
10,5,Bilingue,4,Temp.Red.IV,1,1219,A
10,5,Bilingue,5,Temp.Red.IV,1,1849,A
10,5,Bilingue,6,Temp.Red.IV,1,1195,A
10,5,Bilingue,7,Temp.Red.IV,1,806,A
10,5,Bilingue,8,Temp.Red.IV,1,967,A
10,5,Bilingue,9,Non.Temp.Red.IV,2,1546,A
10,5,Bilingue,10,Non.Temp.Red.IV,1,1617,A
10,5,Bilingue,11,Non.Temp.Red.IV,2,1022,A
10,5,Bilingue,12,Non.Temp.Red.IV,2,1608,A
10,5,Bilingue,13,Non.Temp.Red.IV,2,1841,A
10,5,Bilingue,14,Non.Temp.Red.IV,1,768,A
10,5,Bilingue,15,Non.Temp.Red.IV,1,797,A
10,5,Bilingue,16,Non.Temp.Red.IV,1,1750,A
10,5,Bilingue,17,Temp.Red.PV,1,1081,A
10,5,Bilingue,18,Temp.Red.PV,1,826,A
10,5,Bilingue,19,Temp.Red.PV,1,840,A
10,5,Bilingue,20,Temp.Red.PV,1,1470,A
10,5,Bilingue,21,Temp.Red.PV,2,886,A
10,5,Bilingue,22,Temp.Red.PV,2,2514,A
10,5,Bilingue,23,Temp.Red.PV,2,1060,A
10,5,Bilingue,24,Temp.Red.PV,1,927,A
14,5,Bilingue,1,Temp.Red.IV,2,1576,B
14,5,Bilingue,2,Temp.Red.IV,2,971,B
14,5,Bilingue,3,Temp.Red.IV,2,1138,B
14,5,Bilingue,4,Temp.Red.IV,2,1869,B
14,5,Bilingue,5,Temp.Red.IV,2,1496,B
14,5,Bilingue,6,Temp.Red.IV,2,1537,B
14,5,Bilingue,7,Temp.Red.IV,1,1204,B
14,5,Bilingue,8,Temp.Red.IV,2,993,B
14,5,Bilingue,9,Non.Temp.Red.IV,1,897,B
14,5,Bilingue,10,Non.Temp.Red.IV,2,1120,B
14,5,Bilingue,11,Non.Temp.Red.IV,1,2657,B
14,5,Bilingue,12,Non.Temp.Red.IV,2,1141,B
14,5,Bilingue,13,Non.Temp.Red.IV,1,1346,B
14,5,Bilingue,14,Non.Temp.Red.IV,2,2058,B
14,5,Bilingue,15,Non.Temp.Red.IV,1,1848,B
14,5,Bilingue,16,Non.Temp.Red.IV,0,-,B
14,5,Bilingue,17,Temp.Red.PV,2,968,B
14,5,Bilingue,18,Temp.Red.PV,2,1697,B
14,5,Bilingue,19,Temp.Red.PV,1,841,B
14,5,Bilingue,20,Temp.Red.PV,1,1259,B
14,5,Bilingue,21,Temp.Red.PV,1,819,B
14,5,Bilingue,22,Temp.Red.PV,1,1071,B
14,5,Bilingue,23,Temp.Red.PV,2,1185,B
14,5,Bilingue,24,Temp.Red.PV,2,1138,B
21,5,Bilingue,1,Temp.Red.IV,2,1353,B
21,5,Bilingue,2,Temp.Red.IV,2,1803,B
21,5,Bilingue,3,Temp.Red.IV,2,1281,B
21,5,Bilingue,4,Temp.Red.IV,2,2817,B
21,5,Bilingue,5,Temp.Red.IV,2,1474,B
21,5,Bilingue,6,Temp.Red.IV,2,2170,B
21,5,Bilingue,7,Temp.Red.IV,1,1264,B
21,5,Bilingue,8,Temp.Red.IV,2,1020,B
21,5,Bilingue,9,Non.Temp.Red.IV,1,1540,B
21,5,Bilingue,10,Non.Temp.Red.IV,1,1411,B
21,5,Bilingue,11,Non.Temp.Red.IV,2,1018,B
21,5,Bilingue,12,Non.Temp.Red.IV,2,1229,B
21,5,Bilingue,13,Non.Temp.Red.IV,2,1191,B
21,5,Bilingue,14,Non.Temp.Red.IV,1,1671,B
21,5,Bilingue,15,Non.Temp.Red.IV,2,1076,B
21,5,Bilingue,16,Non.Temp.Red.IV,1,3318,B
21,5,Bilingue,17,Temp.Red.PV,1,1287,B
21,5,Bilingue,18,Temp.Red.PV,2,1189,B
21,5,Bilingue,19,Temp.Red.PV,1,1156,B
21,5,Bilingue,20,Temp.Red.PV,1,1287,B
21,5,Bilingue,21,Temp.Red.PV,1,916,B
21,5,Bilingue,22,Temp.Red.PV,2,1165,B
21,5,Bilingue,23,Temp.Red.PV,2,1247,B
21,5,Bilingue,24,Temp.Red.PV,2,1510,B
23,5,Bilingue,1,Temp.Red.IV,2,2168,B
23,5,Bilingue,2,Temp.Red.IV,2,1674,B
23,5,Bilingue,3,Temp.Red.IV,2,1274,B
23,5,Bilingue,4,Temp.Red.IV,2,1460,B
23,5,Bilingue,5,Temp.Red.IV,2,2200,B
23,5,Bilingue,6,Temp.Red.IV,2,640,B
23,5,Bilingue,7,Temp.Red.IV,2,992,B
23,5,Bilingue,8,Temp.Red.IV,2,650,B
23,5,Bilingue,9,Non.Temp.Red.IV,2,1809,B
23,5,Bilingue,10,Non.Temp.Red.IV,2,747,B
23,5,Bilingue,11,Non.Temp.Red.IV,2,1333,B
23,5,Bilingue,12,Non.Temp.Red.IV,2,992,B
23,5,Bilingue,13,Non.Temp.Red.IV,1,1848,B
23,5,Bilingue,14,Non.Temp.Red.IV,2,1507,B
23,5,Bilingue,15,Non.Temp.Red.IV,1,829,B
23,5,Bilingue,16,Non.Temp.Red.IV,2,1079,B
23,5,Bilingue,17,Temp.Red.PV,2,3265,B
23,5,Bilingue,18,Temp.Red.PV,0,-,B
23,5,Bilingue,19,Temp.Red.PV,1,1298,B
23,5,Bilingue,20,Temp.Red.PV,2,1069,B
23,5,Bilingue,21,Temp.Red.PV,2,864,B
23,5,Bilingue,22,Temp.Red.PV,2,1273,B
23,5,Bilingue,23,Temp.Red.PV,2,844,B
23,5,Bilingue,24,Temp.Red.PV,1,1349,B
24,5,Bilingue,1,Temp.Red.IV,2,1221,B
24,5,Bilingue,2,Temp.Red.IV,2,1136,B
24,5,Bilingue,3,Temp.Red.IV,2,1357,B
24,5,Bilingue,4,Temp.Red.IV,1,6116,B
24,5,Bilingue,5,Temp.Red.IV,1,1382,B
24,5,Bilingue,6,Temp.Red.IV,2,1776,B
24,5,Bilingue,7,Temp.Red.IV,1,986,B
24,5,Bilingue,8,Temp.Red.IV,2,2086,B
24,5,Bilingue,9,Non.Temp.Red.IV,2,1367,B
24,5,Bilingue,10,Non.Temp.Red.IV,2,2376,B
24,5,Bilingue,11,Non.Temp.Red.IV,2,1456,B
24,5,Bilingue,12,Non.Temp.Red.IV,1,1125,B
24,5,Bilingue,13,Non.Temp.Red.IV,1,1827,B
24,5,Bilingue,14,Non.Temp.Red.IV,2,1824,B
24,5,Bilingue,15,Non.Temp.Red.IV,1,1566,B
24,5,Bilingue,16,Non.Temp.Red.IV,2,1326,B
24,5,Bilingue,17,Temp.Red.PV,2,2243,B
24,5,Bilingue,18,Temp.Red.PV,0,-,B
24,5,Bilingue,19,Temp.Red.PV,2,1543,B
24,5,Bilingue,20,Temp.Red.PV,1,1946,B
24,5,Bilingue,21,Temp.Red.PV,2,1846,B
24,5,Bilingue,22,Temp.Red.PV,1,1166,B
24,5,Bilingue,23,Temp.Red.PV,2,1416,B
24,5,Bilingue,24,Temp.Red.PV,1,1196,B
30,5,Bilingue,1,Temp.Red.IV,2,1324,B
30,5,Bilingue,2,Temp.Red.IV,2,885,B
30,5,Bilingue,3,Temp.Red.IV,1,1141,B
30,5,Bilingue,4,Temp.Red.IV,1,1009,B
30,5,Bilingue,5,Temp.Red.IV,1,1733,B
30,5,Bilingue,6,Temp.Red.IV,1,1148,B
30,5,Bilingue,7,Temp.Red.IV,1,799,B
30,5,Bilingue,8,Temp.Red.IV,1,1301,B
30,5,Bilingue,9,Non.Temp.Red.IV,2,1405,B
30,5,Bilingue,10,Non.Temp.Red.IV,2,1461,B
30,5,Bilingue,11,Non.Temp.Red.IV,1,697,B
30,5,Bilingue,12,Non.Temp.Red.IV,1,1066,B
30,5,Bilingue,13,Non.Temp.Red.IV,1,800,B
30,5,Bilingue,14,Non.Temp.Red.IV,1,848,B
30,5,Bilingue,15,Non.Temp.Red.IV,2,695,B
30,5,Bilingue,16,Non.Temp.Red.IV,2,795,B
30,5,Bilingue,17,Temp.Red.PV,1,775,B
30,5,Bilingue,18,Temp.Red.PV,2,944,B
30,5,Bilingue,19,Temp.Red.PV,2,827,B
30,5,Bilingue,20,Temp.Red.PV,1,640,B
30,5,Bilingue,21,Temp.Red.PV,2,871,B
30,5,Bilingue,22,Temp.Red.PV,1,1673,B
30,5,Bilingue,23,Temp.Red.PV,2,872,B
30,5,Bilingue,24,Temp.Red.PV,1,1016,B
35,5,Bilingue,1,Temp.Red.IV,1,2170,A
35,5,Bilingue,2,Temp.Red.IV,0,-,A
35,5,Bilingue,3,Temp.Red.IV,0,-,A
35,5,Bilingue,4,Temp.Red.IV,1,2597,A
35,5,Bilingue,5,Temp.Red.IV,1,850,A
35,5,Bilingue,6,Temp.Red.IV,1,1558,A
35,5,Bilingue,7,Temp.Red.IV,2,2001,A
35,5,Bilingue,8,Temp.Red.IV,1,899,A
35,5,Bilingue,9,Non.Temp.Red.IV,2,2380,A
35,5,Bilingue,10,Non.Temp.Red.IV,1,1179,A
35,5,Bilingue,11,Non.Temp.Red.IV,1,1192,A
35,5,Bilingue,12,Non.Temp.Red.IV,2,1228,A
35,5,Bilingue,13,Non.Temp.Red.IV,1,1048,A
35,5,Bilingue,14,Non.Temp.Red.IV,2,1874,A
35,5,Bilingue,15,Non.Temp.Red.IV,2,1632,A
35,5,Bilingue,16,Non.Temp.Red.IV,1,2330,A
35,5,Bilingue,17,Temp.Red.PV,1,1107,A
35,5,Bilingue,18,Temp.Red.PV,1,1065,A
35,5,Bilingue,19,Temp.Red.PV,1,847,A
35,5,Bilingue,20,Temp.Red.PV,1,859,A
35,5,Bilingue,21,Temp.Red.PV,1,1455,A
35,5,Bilingue,22,Temp.Red.PV,2,1071,A
35,5,Bilingue,23,Temp.Red.PV,2,1163,A
35,5,Bilingue,24,Temp.Red.PV,2,1223,A
50,5,Bilingue,1,Temp.Red.IV,2,1658,D
50,5,Bilingue,2,Temp.Red.IV,2,1282,D
50,5,Bilingue,3,Temp.Red.IV,1,1154,D
50,5,Bilingue,4,Temp.Red.IV,1,835,D
50,5,Bilingue,5,Temp.Red.IV,1,1507,D
50,5,Bilingue,6,Temp.Red.IV,2,1781,D
50,5,Bilingue,7,Temp.Red.IV,1,1011,D
50,5,Bilingue,8,Temp.Red.IV,2,1282,D
50,5,Bilingue,9,Non.Temp.Red.IV,2,1386,D
50,5,Bilingue,10,Non.Temp.Red.IV,2,1347,D
50,5,Bilingue,11,Non.Temp.Red.IV,2,1995,D
50,5,Bilingue,12,Non.Temp.Red.IV,1,1019,D
50,5,Bilingue,13,Non.Temp.Red.IV,1,2564,D
50,5,Bilingue,14,Non.Temp.Red.IV,2,1139,D
50,5,Bilingue,15,Non.Temp.Red.IV,1,1362,D
50,5,Bilingue,16,Non.Temp.Red.IV,0,-,D
50,5,Bilingue,17,Temp.Red.PV,2,955,D
50,5,Bilingue,18,Temp.Red.PV,1,1057,D
50,5,Bilingue,19,Temp.Red.PV,2,801,D
50,5,Bilingue,20,Temp.Red.PV,2,939,D
50,5,Bilingue,21,Temp.Red.PV,1,955,D
50,5,Bilingue,22,Temp.Red.PV,2,1138,D
50,5,Bilingue,23,Temp.Red.PV,1,1066,D
50,5,Bilingue,24,Temp.Red.PV,1,1162,D
51,5,Bilingue,1,Temp.Red.IV,1,1285,C
51,5,Bilingue,2,Temp.Red.IV,2,2232,C
51,5,Bilingue,3,Temp.Red.IV,1,1347,C
51,5,Bilingue,4,Temp.Red.IV,2,981,C
51,5,Bilingue,5,Temp.Red.IV,1,1561,C
51,5,Bilingue,6,Temp.Red.IV,2,922,C
51,5,Bilingue,7,Temp.Red.IV,2,933,C
51,5,Bilingue,8,Temp.Red.IV,2,1239,C
51,5,Bilingue,9,Non.Temp.Red.IV,2,1054,C
51,5,Bilingue,10,Non.Temp.Red.IV,1,1757,C
51,5,Bilingue,11,Non.Temp.Red.IV,2,1237,C
51,5,Bilingue,12,Non.Temp.Red.IV,2,1278,C
51,5,Bilingue,13,Non.Temp.Red.IV,1,1997,C
51,5,Bilingue,14,Non.Temp.Red.IV,1,1230,C
51,5,Bilingue,15,Non.Temp.Red.IV,2,1380,C
51,5,Bilingue,16,Non.Temp.Red.IV,2,2550,C
51,5,Bilingue,17,Temp.Red.PV,2,946,C
51,5,Bilingue,18,Temp.Red.PV,2,1143,C
51,5,Bilingue,19,Temp.Red.PV,1,1641,C
51,5,Bilingue,20,Temp.Red.PV,1,911,C
51,5,Bilingue,21,Temp.Red.PV,1,1085,C
51,5,Bilingue,22,Temp.Red.PV,2,2956,C
51,5,Bilingue,23,Temp.Red.PV,1,1426,C
51,5,Bilingue,24,Temp.Red.PV,2,1223,C
52,5,Bilingue,1,Temp.Red.IV,1,1030,C
52,5,Bilingue,2,Temp.Red.IV,1,933,C
52,5,Bilingue,3,Temp.Red.IV,1,1439,C
52,5,Bilingue,4,Temp.Red.IV,2,958,C
52,5,Bilingue,5,Temp.Red.IV,1,1531,C
52,5,Bilingue,6,Temp.Red.IV,2,1260,C
52,5,Bilingue,7,Temp.Red.IV,1,888,C
52,5,Bilingue,8,Temp.Red.IV,2,1613,C
52,5,Bilingue,9,Non.Temp.Red.IV,1,1240,C
52,5,Bilingue,10,Non.Temp.Red.IV,1,774,C
52,5,Bilingue,11,Non.Temp.Red.IV,1,1853,C
52,5,Bilingue,12,Non.Temp.Red.IV,2,766,C
52,5,Bilingue,13,Non.Temp.Red.IV,1,1571,C
52,5,Bilingue,14,Non.Temp.Red.IV,2,1109,C
52,5,Bilingue,15,Non.Temp.Red.IV,1,856,C
52,5,Bilingue,16,Non.Temp.Red.IV,2,2629,C
52,5,Bilingue,17,Temp.Red.PV,2,949,C
52,5,Bilingue,18,Temp.Red.PV,2,1033,C
52,5,Bilingue,19,Temp.Red.PV,1,1115,C
52,5,Bilingue,20,Temp.Red.PV,1,1058,C
52,5,Bilingue,21,Temp.Red.PV,1,1235,C
52,5,Bilingue,22,Temp.Red.PV,2,2793,C
52,5,Bilingue,23,Temp.Red.PV,1,2007,C
52,5,Bilingue,24,Temp.Red.PV,2,1472,C
53,5,Bilingue,1,Temp.Red.IV,2,1046,D
53,5,Bilingue,2,Temp.Red.IV,1,2304,D
53,5,Bilingue,3,Temp.Red.IV,1,1738,D
53,5,Bilingue,4,Temp.Red.IV,2,1962,D
53,5,Bilingue,5,Temp.Red.IV,1,1734,D
53,5,Bilingue,6,Temp.Red.IV,1,1146,D
53,5,Bilingue,7,Temp.Red.IV,1,963,D
53,5,Bilingue,8,Temp.Red.IV,1,1177,D
53,5,Bilingue,9,Non.Temp.Red.IV,1,1926,D
53,5,Bilingue,10,Non.Temp.Red.IV,2,1274,D
53,5,Bilingue,11,Non.Temp.Red.IV,1,1516,D
53,5,Bilingue,12,Non.Temp.Red.IV,2,1401,D
53,5,Bilingue,13,Non.Temp.Red.IV,2,1387,D
53,5,Bilingue,14,Non.Temp.Red.IV,1,1949,D
53,5,Bilingue,15,Non.Temp.Red.IV,2,1198,D
53,5,Bilingue,16,Non.Temp.Red.IV,1,1603,D
53,5,Bilingue,17,Temp.Red.PV,2,947,D
53,5,Bilingue,18,Temp.Red.PV,1,747,D
53,5,Bilingue,19,Temp.Red.PV,1,1101,D
53,5,Bilingue,20,Temp.Red.PV,2,879,D
53,5,Bilingue,21,Temp.Red.PV,2,970,D
53,5,Bilingue,22,Temp.Red.PV,1,1636,D
53,5,Bilingue,23,Temp.Red.PV,1,847,D
53,5,Bilingue,24,Temp.Red.PV,1,914,D
54,5,Bilingue,1,Temp.Red.IV,2,2792,C
54,5,Bilingue,2,Temp.Red.IV,2,1588,C
54,5,Bilingue,3,Temp.Red.IV,2,793,C
54,5,Bilingue,4,Temp.Red.IV,2,975,C
54,5,Bilingue,5,Temp.Red.IV,2,939,C
54,5,Bilingue,6,Temp.Red.IV,2,2448,C
54,5,Bilingue,7,Temp.Red.IV,2,1345,C
54,5,Bilingue,8,Temp.Red.IV,2,1242,C
54,5,Bilingue,9,Non.Temp.Red.IV,1,900,C
54,5,Bilingue,10,Non.Temp.Red.IV,1,673,C
54,5,Bilingue,11,Non.Temp.Red.IV,1,875,C
54,5,Bilingue,12,Non.Temp.Red.IV,1,839,C
54,5,Bilingue,13,Non.Temp.Red.IV,2,878,C
54,5,Bilingue,14,Non.Temp.Red.IV,2,1091,C
54,5,Bilingue,15,Non.Temp.Red.IV,2,903,C
54,5,Bilingue,16,Non.Temp.Red.IV,2,870,C
54,5,Bilingue,17,Temp.Red.PV,1,759,C
54,5,Bilingue,18,Temp.Red.PV,2,769,C
54,5,Bilingue,19,Temp.Red.PV,1,1171,C
54,5,Bilingue,20,Temp.Red.PV,2,859,C
54,5,Bilingue,21,Temp.Red.PV,2,593,C
54,5,Bilingue,22,Temp.Red.PV,2,1573,C
54,5,Bilingue,23,Temp.Red.PV,1,689,C
54,5,Bilingue,24,Temp.Red.PV,1,1279,C
57,5,Bilingue,1,Temp.Red.IV,2,5910,C
57,5,Bilingue,2,Temp.Red.IV,2,1200,C
57,5,Bilingue,3,Temp.Red.IV,1,1026,C
57,5,Bilingue,4,Temp.Red.IV,2,1827,C
57,5,Bilingue,5,Temp.Red.IV,2,1087,C
57,5,Bilingue,6,Temp.Red.IV,1,1094,C
57,5,Bilingue,7,Temp.Red.IV,1,929,C
57,5,Bilingue,8,Temp.Red.IV,1,878,C
57,5,Bilingue,9,Non.Temp.Red.IV,1,1613,C
57,5,Bilingue,10,Non.Temp.Red.IV,1,1892,C
57,5,Bilingue,11,Non.Temp.Red.IV,2,1376,C
57,5,Bilingue,12,Non.Temp.Red.IV,1,1394,C
57,5,Bilingue,13,Non.Temp.Red.IV,2,1774,C
57,5,Bilingue,14,Non.Temp.Red.IV,1,1325,C
57,5,Bilingue,15,Non.Temp.Red.IV,2,1702,C
57,5,Bilingue,16,Non.Temp.Red.IV,1,1914,C
57,5,Bilingue,17,Temp.Red.PV,1,984,C
57,5,Bilingue,18,Temp.Red.PV,2,1492,C
57,5,Bilingue,19,Temp.Red.PV,2,845,C
57,5,Bilingue,20,Temp.Red.PV,2,975,C
57,5,Bilingue,21,Temp.Red.PV,2,939,C
57,5,Bilingue,22,Temp.Red.PV,1,1666,C
57,5,Bilingue,23,Temp.Red.PV,1,1151,C
57,5,Bilingue,24,Temp.Red.PV,2,974,C
64,5,Bilingue,1,Temp.Red.IV,2,2248,B
64,5,Bilingue,2,Temp.Red.IV,1,878,B
64,5,Bilingue,3,Temp.Red.IV,1,1078,B
64,5,Bilingue,4,Temp.Red.IV,1,1014,B
64,5,Bilingue,5,Temp.Red.IV,1,2081,B
64,5,Bilingue,6,Temp.Red.IV,2,1358,B
64,5,Bilingue,7,Temp.Red.IV,2,706,B
64,5,Bilingue,8,Temp.Red.IV,1,1612,B
64,5,Bilingue,9,Non.Temp.Red.IV,2,1339,B
64,5,Bilingue,10,Non.Temp.Red.IV,1,2029,B
64,5,Bilingue,11,Non.Temp.Red.IV,2,907,B
64,5,Bilingue,12,Non.Temp.Red.IV,2,1405,B
64,5,Bilingue,13,Non.Temp.Red.IV,2,1297,B
64,5,Bilingue,14,Non.Temp.Red.IV,1,1790,B
64,5,Bilingue,15,Non.Temp.Red.IV,1,1328,B
64,5,Bilingue,16,Non.Temp.Red.IV,0,-,B
64,5,Bilingue,17,Temp.Red.PV,2,838,B
64,5,Bilingue,18,Temp.Red.PV,1,1156,B
64,5,Bilingue,19,Temp.Red.PV,1,963,B
64,5,Bilingue,20,Temp.Red.PV,2,837,B
64,5,Bilingue,21,Temp.Red.PV,1,861,B
64,5,Bilingue,22,Temp.Red.PV,1,881,B
64,5,Bilingue,23,Temp.Red.PV,1,882,B
64,5,Bilingue,24,Temp.Red.PV,1,1063,B
36,5,Bilingue,1,Temp.Red.IV,2,2250,A
36,5,Bilingue,2,Temp.Red.IV,1,739,A
36,5,Bilingue,3,Temp.Red.IV,1,3681,A
36,5,Bilingue,4,Temp.Red.IV,1,892,A
36,5,Bilingue,5,Temp.Red.IV,1,1451,A
36,5,Bilingue,6,Temp.Red.IV,1,1891,A
36,5,Bilingue,7,Temp.Red.IV,2,899,A
36,5,Bilingue,8,Temp.Red.IV,2,875,A
36,5,Bilingue,9,Non.Temp.Red.IV,1,2172,A
36,5,Bilingue,10,Non.Temp.Red.IV,2,1387,A
36,5,Bilingue,11,Non.Temp.Red.IV,2,923,A
36,5,Bilingue,12,Non.Temp.Red.IV,1,978,A
36,5,Bilingue,13,Non.Temp.Red.IV,1,2022,A
36,5,Bilingue,14,Non.Temp.Red.IV,1,1634,A
36,5,Bilingue,15,Non.Temp.Red.IV,2,834,A
36,5,Bilingue,16,Non.Temp.Red.IV,1,1178,A
36,5,Bilingue,17,Temp.Red.PV,2,931,A
36,5,Bilingue,18,Temp.Red.PV,1,754,A
36,5,Bilingue,19,Temp.Red.PV,2,821,A
36,5,Bilingue,20,Temp.Red.PV,1,813,A
36,5,Bilingue,21,Temp.Red.PV,1,947,A
36,5,Bilingue,22,Temp.Red.PV,1,997,A
36,5,Bilingue,23,Temp.Red.PV,1,1355,A
36,5,Bilingue,24,Temp.Red.PV,1,801,A
76,5,Bilingue,1,Temp.Red.IV,1,1392,A
76,5,Bilingue,2,Temp.Red.IV,2,1144,A
76,5,Bilingue,3,Temp.Red.IV,2,1290,A
76,5,Bilingue,4,Temp.Red.IV,2,1931,A
76,5,Bilingue,5,Temp.Red.IV,1,1437,A
76,5,Bilingue,6,Temp.Red.IV,1,1448,A
76,5,Bilingue,7,Temp.Red.IV,2,1279,A
76,5,Bilingue,8,Temp.Red.IV,2,1156,A
76,5,Bilingue,9,Non.Temp.Red.IV,1,1257,A
76,5,Bilingue,10,Non.Temp.Red.IV,2,1786,A
76,5,Bilingue,11,Non.Temp.Red.IV,1,987,A
76,5,Bilingue,12,Non.Temp.Red.IV,2,1358,A
76,5,Bilingue,13,Non.Temp.Red.IV,2,1415,A
76,5,Bilingue,14,Non.Temp.Red.IV,2,1493,A
76,5,Bilingue,15,Non.Temp.Red.IV,2,1155,A
76,5,Bilingue,16,Non.Temp.Red.IV,2,1605,A
76,5,Bilingue,17,Temp.Red.PV,1,919,A
76,5,Bilingue,18,Temp.Red.PV,2,975,A
76,5,Bilingue,19,Temp.Red.PV,1,1111,A
76,5,Bilingue,20,Temp.Red.PV,2,1223,A
76,5,Bilingue,21,Temp.Red.PV,1,1358,A
76,5,Bilingue,22,Temp.Red.PV,2,1077,A
76,5,Bilingue,23,Temp.Red.PV,2,987,A
76,5,Bilingue,24,Temp.Red.PV,1,987,A
18,1,Bilingue,1,Temp.Red.IV,1,1985,A
18,1,Bilingue,2,Temp.Red.IV,1,1279,A
18,1,Bilingue,3,Temp.Red.IV,1,818,A
18,1,Bilingue,4,Temp.Red.IV,2,1912,A
18,1,Bilingue,5,Temp.Red.IV,1,1549,A
18,1,Bilingue,6,Temp.Red.IV,2,3321,A
18,1,Bilingue,7,Temp.Red.IV,1,1759,A
18,1,Bilingue,8,Temp.Red.IV,2,1111,A
18,1,Bilingue,9,Non.Temp.Red.IV,2,1797,A
18,1,Bilingue,10,Non.Temp.Red.IV,2,1140,A
18,1,Bilingue,11,Non.Temp.Red.IV,2,1729,A
18,1,Bilingue,12,Non.Temp.Red.IV,2,1593,A
18,1,Bilingue,13,Non.Temp.Red.IV,2,2054,A
18,1,Bilingue,14,Non.Temp.Red.IV,1,1261,A
18,1,Bilingue,15,Non.Temp.Red.IV,2,1892,A
18,1,Bilingue,16,Non.Temp.Red.IV,0,0,A
18,1,Bilingue,17,Temp.Red.PV,2,1214,A
18,1,Bilingue,18,Temp.Red.PV,2,1735,A
18,1,Bilingue,19,Temp.Red.PV,2,1650,A
18,1,Bilingue,20,Temp.Red.PV,2,2034,A
18,1,Bilingue,21,Temp.Red.PV,1,3382,A
18,1,Bilingue,22,Temp.Red.PV,1,3202,A
18,1,Bilingue,23,Temp.Red.PV,2,1706,A
18,1,Bilingue,24,Temp.Red.PV,2,1254,A
26,1,Bilingue,1,Temp.Red.IV,1,3291,A
26,1,Bilingue,2,Temp.Red.IV,1,2499,A
26,1,Bilingue,3,Temp.Red.IV,2,1460,A
26,1,Bilingue,4,Temp.Red.IV,2,1611,A
26,1,Bilingue,5,Temp.Red.IV,2,2362,A
26,1,Bilingue,6,Temp.Red.IV,1,1651,A
26,1,Bilingue,7,Temp.Red.IV,1,1875,A
26,1,Bilingue,8,Temp.Red.IV,1,2898,A
26,1,Bilingue,9,Non.Temp.Red.IV,1,1795,A
26,1,Bilingue,10,Non.Temp.Red.IV,1,3219,A
26,1,Bilingue,11,Non.Temp.Red.IV,2,3148,A
26,1,Bilingue,12,Non.Temp.Red.IV,0,0,A
26,1,Bilingue,13,Non.Temp.Red.IV,1,1993,A
26,1,Bilingue,14,Non.Temp.Red.IV,2,1268,A
26,1,Bilingue,15,Non.Temp.Red.IV,2,1827,A
26,1,Bilingue,16,Non.Temp.Red.IV,0,0,A
26,1,Bilingue,17,Temp.Red.PV,0,0,A
26,1,Bilingue,18,Temp.Red.PV,1,906,A
26,1,Bilingue,19,Temp.Red.PV,1,2330,A
26,1,Bilingue,20,Temp.Red.PV,2,1468,A
26,1,Bilingue,21,Temp.Red.PV,0,0,A
26,1,Bilingue,22,Temp.Red.PV,0,0,A
26,1,Bilingue,23,Temp.Red.PV,1,3548,A
26,1,Bilingue,24,Temp.Red.PV,1,1851,A
39,1,Bilingue,1,Temp.Red.IV,1,2924,B
39,1,Bilingue,2,Temp.Red.IV,1,1895,B
39,1,Bilingue,3,Temp.Red.IV,2,2066,B
39,1,Bilingue,4,Temp.Red.IV,1,4603,B
39,1,Bilingue,5,Temp.Red.IV,2,2066,B
39,1,Bilingue,6,Temp.Red.IV,2,5833,B
39,1,Bilingue,7,Temp.Red.IV,1,1352,B
39,1,Bilingue,8,Temp.Red.IV,1,943,B
39,1,Bilingue,9,Non.Temp.Red.IV,1,2223,B
39,1,Bilingue,10,Non.Temp.Red.IV,0,0,B
39,1,Bilingue,11,Non.Temp.Red.IV,0,0,B
39,1,Bilingue,12,Non.Temp.Red.IV,2,2286,B
39,1,Bilingue,13,Non.Temp.Red.IV,0,0,B
39,1,Bilingue,14,Non.Temp.Red.IV,1,3612,B
39,1,Bilingue,15,Non.Temp.Red.IV,1,3250,B
39,1,Bilingue,16,Non.Temp.Red.IV,0,0,B
39,1,Bilingue,17,Temp.Red.PV,1,2261,B
39,1,Bilingue,18,Temp.Red.PV,2,1062,B
39,1,Bilingue,19,Temp.Red.PV,1,1028,B
39,1,Bilingue,20,Temp.Red.PV,2,1145,B
39,1,Bilingue,21,Temp.Red.PV,2,1557,B
39,1,Bilingue,22,Temp.Red.PV,2,1441,B
39,1,Bilingue,23,Temp.Red.PV,1,4687,B
39,1,Bilingue,24,Temp.Red.PV,1,1778,B
11,2,Bilingue,1,Temp.Red.IV,2,4558,A
11,2,Bilingue,2,Temp.Red.IV,2,1805,A
11,2,Bilingue,3,Temp.Red.IV,2,1299,A
11,2,Bilingue,4,Temp.Red.IV,1,2963,A
11,2,Bilingue,5,Temp.Red.IV,2,1057,A
11,2,Bilingue,6,Temp.Red.IV,1,5171,A
11,2,Bilingue,7,Temp.Red.IV,1,1632,A
11,2,Bilingue,8,Temp.Red.IV,1,2953,A
11,2,Bilingue,9,Non.Temp.Red.IV,2,1346,A
11,2,Bilingue,10,Non.Temp.Red.IV,2,2717,A
11,2,Bilingue,11,Non.Temp.Red.IV,2,2829,A
11,2,Bilingue,12,Non.Temp.Red.IV,2,3994,A
11,2,Bilingue,13,Non.Temp.Red.IV,1,2728,A
11,2,Bilingue,14,Non.Temp.Red.IV,2,1718,A
11,2,Bilingue,15,Non.Temp.Red.IV,1,3770,A
11,2,Bilingue,16,Non.Temp.Red.IV,0,0,A
11,2,Bilingue,17,Temp.Red.PV,2,2778,A
11,2,Bilingue,18,Temp.Red.PV,1,1821,A
11,2,Bilingue,19,Temp.Red.PV,1,3226,A
11,2,Bilingue,20,Temp.Red.PV,1,2414,A
11,2,Bilingue,21,Temp.Red.PV,2,2788,A
11,2,Bilingue,22,Temp.Red.PV,2,2018,A
11,2,Bilingue,23,Temp.Red.PV,2,3075,A
11,2,Bilingue,24,Temp.Red.PV,2,1107,A
16,2,Bilingue,1,Temp.Red.IV,2,5257,A
16,2,Bilingue,2,Temp.Red.IV,0,0,A
16,2,Bilingue,3,Temp.Red.IV,2,915,A
16,2,Bilingue,4,Temp.Red.IV,1,1461,A
16,2,Bilingue,5,Temp.Red.IV,1,1448,A
16,2,Bilingue,6,Temp.Red.IV,2,1136,A
16,2,Bilingue,7,Temp.Red.IV,2,2477,A
16,2,Bilingue,8,Temp.Red.IV,2,1317,A
16,2,Bilingue,9,Non.Temp.Red.IV,2,2081,A
16,2,Bilingue,10,Non.Temp.Red.IV,1,1381,A
16,2,Bilingue,11,Non.Temp.Red.IV,1,2572,A
16,2,Bilingue,12,Non.Temp.Red.IV,2,1644,A
16,2,Bilingue,13,Non.Temp.Red.IV,2,1129,A
16,2,Bilingue,14,Non.Temp.Red.IV,2,1255,A
16,2,Bilingue,15,Non.Temp.Red.IV,2,1650,A
16,2,Bilingue,16,Non.Temp.Red.IV,0,0,A
16,2,Bilingue,17,Temp.Red.PV,2,1220,A
16,2,Bilingue,18,Temp.Red.PV,2,1353,A
16,2,Bilingue,19,Temp.Red.PV,2,1380,A
16,2,Bilingue,20,Temp.Red.PV,2,1432,A
16,2,Bilingue,21,Temp.Red.PV,1,1708,A
16,2,Bilingue,22,Temp.Red.PV,0,0,A
16,2,Bilingue,23,Temp.Red.PV,1,1613,A
16,2,Bilingue,24,Temp.Red.PV,1,2750,A
48,2,Bilingue,1,Temp.Red.IV,2,1129,B
48,2,Bilingue,2,Temp.Red.IV,1,2052,B
48,2,Bilingue,3,Temp.Red.IV,1,3172,B
48,2,Bilingue,4,Temp.Red.IV,2,2403,B
48,2,Bilingue,5,Temp.Red.IV,2,3029,B
48,2,Bilingue,6,Temp.Red.IV,1,2259,B
48,2,Bilingue,7,Temp.Red.IV,1,1025,B
48,2,Bilingue,8,Temp.Red.IV,2,1474,B
48,2,Bilingue,9,Non.Temp.Red.IV,1,2152,B
48,2,Bilingue,10,Non.Temp.Red.IV,1,1224,B
48,2,Bilingue,11,Non.Temp.Red.IV,2,1932,B
48,2,Bilingue,12,Non.Temp.Red.IV,1,2090,B
48,2,Bilingue,13,Non.Temp.Red.IV,2,1601,B
48,2,Bilingue,14,Non.Temp.Red.IV,2,3957,B
48,2,Bilingue,15,Non.Temp.Red.IV,2,1872,B
48,2,Bilingue,16,Non.Temp.Red.IV,1,2298,B
48,2,Bilingue,17,Temp.Red.PV,2,1582,B
48,2,Bilingue,18,Temp.Red.PV,1,1408,B
48,2,Bilingue,19,Temp.Red.PV,1,1640,B
48,2,Bilingue,20,Temp.Red.PV,2,1703,B
48,2,Bilingue,21,Temp.Red.PV,1,1819,B
48,2,Bilingue,22,Temp.Red.PV,1,2736,B
48,2,Bilingue,23,Temp.Red.PV,1,1234,B
48,2,Bilingue,24,Temp.Red.PV,2,2125,B
61,2,Bilingue,1,Temp.Red.IV,2,2262,A
61,2,Bilingue,2,Temp.Red.IV,0,0,A
61,2,Bilingue,3,Temp.Red.IV,1,2741,A
61,2,Bilingue,4,Temp.Red.IV,1,995,A
61,2,Bilingue,5,Temp.Red.IV,2,3966,A
61,2,Bilingue,6,Temp.Red.IV,0,0,A
61,2,Bilingue,7,Temp.Red.IV,1,2102,A
61,2,Bilingue,8,Temp.Red.IV,1,5846,A
61,2,Bilingue,9,Non.Temp.Red.IV,2,1246,A
61,2,Bilingue,10,Non.Temp.Red.IV,2,1465,A
61,2,Bilingue,11,Non.Temp.Red.IV,1,5210,A
61,2,Bilingue,12,Non.Temp.Red.IV,2,2633,A
61,2,Bilingue,13,Non.Temp.Red.IV,1,2626,A
61,2,Bilingue,14,Non.Temp.Red.IV,2,3083,A
61,2,Bilingue,15,Non.Temp.Red.IV,2,3425,A
61,2,Bilingue,16,Non.Temp.Red.IV,0,0,A
61,2,Bilingue,17,Temp.Red.PV,1,1962,A
61,2,Bilingue,18,Temp.Red.PV,2,1217,A
61,2,Bilingue,19,Temp.Red.PV,1,1738,A
61,2,Bilingue,20,Temp.Red.PV,1,1463,A
61,2,Bilingue,21,Temp.Red.PV,2,1518,A
61,2,Bilingue,22,Temp.Red.PV,2,1620,A
61,2,Bilingue,23,Temp.Red.PV,1,1988,A
61,2,Bilingue,24,Temp.Red.PV,2,1919,A
69,2,Bilingue,1,Temp.Red.IV,2,1510,A
69,2,Bilingue,2,Temp.Red.IV,1,1286,A
69,2,Bilingue,3,Temp.Red.IV,2,2847,A
69,2,Bilingue,4,Temp.Red.IV,1,1210,A
69,2,Bilingue,5,Temp.Red.IV,2,2020,A
69,2,Bilingue,6,Temp.Red.IV,1,1785,A
69,2,Bilingue,7,Temp.Red.IV,1,1883,A
69,2,Bilingue,8,Temp.Red.IV,2,2483,A
69,2,Bilingue,9,Non.Temp.Red.IV,1,1346,A
69,2,Bilingue,10,Non.Temp.Red.IV,2,2123,A
69,2,Bilingue,11,Non.Temp.Red.IV,1,3897,A
69,2,Bilingue,12,Non.Temp.Red.IV,1,2872,A
69,2,Bilingue,13,Non.Temp.Red.IV,1,3272,A
69,2,Bilingue,14,Non.Temp.Red.IV,1,1958,A
69,2,Bilingue,15,Non.Temp.Red.IV,1,1411,A
69,2,Bilingue,16,Non.Temp.Red.IV,0,0,A
69,2,Bilingue,17,Temp.Red.PV,1,1371,A
69,2,Bilingue,18,Temp.Red.PV,2,1659,A
69,2,Bilingue,19,Temp.Red.PV,2,1347,A
69,2,Bilingue,20,Temp.Red.PV,1,1097,A
69,2,Bilingue,21,Temp.Red.PV,1,1169,A
69,2,Bilingue,22,Temp.Red.PV,1,1308,A
69,2,Bilingue,23,Temp.Red.PV,1,1720,A
69,2,Bilingue,24,Temp.Red.PV,1,1247,A
72,2,Bilingue,1,Temp.Red.IV,2,3510,A
72,2,Bilingue,2,Temp.Red.IV,2,2135,A
72,2,Bilingue,3,Temp.Red.IV,2,2785,A
72,2,Bilingue,4,Temp.Red.IV,2,2771,A
72,2,Bilingue,5,Temp.Red.IV,2,2671,A
72,2,Bilingue,6,Temp.Red.IV,2,1421,A
72,2,Bilingue,7,Temp.Red.IV,2,2683,A
72,2,Bilingue,8,Temp.Red.IV,1,4671,A
72,2,Bilingue,9,Non.Temp.Red.IV,2,3460,A
72,2,Bilingue,10,Non.Temp.Red.IV,2,1585,A
72,2,Bilingue,11,Non.Temp.Red.IV,2,2097,A
72,2,Bilingue,12,Non.Temp.Red.IV,1,1797,A
72,2,Bilingue,13,Non.Temp.Red.IV,2,1627,A
72,2,Bilingue,14,Non.Temp.Red.IV,1,2771,A
72,2,Bilingue,15,Non.Temp.Red.IV,1,1545,A
72,2,Bilingue,16,Non.Temp.Red.IV,1,2045,A
72,2,Bilingue,17,Temp.Red.PV,1,3072,A
72,2,Bilingue,18,Temp.Red.PV,1,2470,A
72,2,Bilingue,19,Temp.Red.PV,2,1300,A
72,2,Bilingue,20,Temp.Red.PV,1,1422,A
72,2,Bilingue,21,Temp.Red.PV,2,1581,A
72,2,Bilingue,22,Temp.Red.PV,2,1360,A
72,2,Bilingue,23,Temp.Red.PV,1,1522,A
72,2,Bilingue,24,Temp.Red.PV,1,2967,A
9,3,Bilingue,1,Temp.Red.IV,1,1438,B
9,3,Bilingue,2,Temp.Red.IV,2,1941,B
9,3,Bilingue,3,Temp.Red.IV,1,1275,B
9,3,Bilingue,4,Temp.Red.IV,2,2099,B
9,3,Bilingue,5,Temp.Red.IV,2,3370,B
9,3,Bilingue,6,Temp.Red.IV,1,2399,B
9,3,Bilingue,7,Temp.Red.IV,2,1457,B
9,3,Bilingue,8,Temp.Red.IV,2,926,B
9,3,Bilingue,9,Non.Temp.Red.IV,1,977,B
9,3,Bilingue,10,Non.Temp.Red.IV,0,0,B
9,3,Bilingue,11,Non.Temp.Red.IV,1,2471,B
9,3,Bilingue,12,Non.Temp.Red.IV,1,765,B
9,3,Bilingue,13,Non.Temp.Red.IV,1,1039,B
9,3,Bilingue,14,Non.Temp.Red.IV,1,1500,B
9,3,Bilingue,15,Non.Temp.Red.IV,1,2119,B
9,3,Bilingue,16,Non.Temp.Red.IV,1,2117,B
9,3,Bilingue,17,Temp.Red.PV,1,1520,B
9,3,Bilingue,18,Temp.Red.PV,1,1942,B
9,3,Bilingue,19,Temp.Red.PV,1,1244,B
9,3,Bilingue,20,Temp.Red.PV,2,1769,B
9,3,Bilingue,21,Temp.Red.PV,2,1406,B
9,3,Bilingue,22,Temp.Red.PV,2,1373,B
9,3,Bilingue,23,Temp.Red.PV,2,1940,B
9,3,Bilingue,24,Temp.Red.PV,1,1086,B
13,3,Bilingue,1,Temp.Red.IV,1,2098,A
13,3,Bilingue,2,Temp.Red.IV,2,2781,A
13,3,Bilingue,3,Temp.Red.IV,2,1507,A
13,3,Bilingue,4,Temp.Red.IV,2,3097,A
13,3,Bilingue,5,Temp.Red.IV,1,1560,A
13,3,Bilingue,6,Temp.Red.IV,1,4541,A
13,3,Bilingue,7,Temp.Red.IV,1,1547,A
13,3,Bilingue,8,Temp.Red.IV,2,1354,A
13,3,Bilingue,9,Non.Temp.Red.IV,2,4019,A
13,3,Bilingue,10,Non.Temp.Red.IV,1,2387,A
13,3,Bilingue,11,Non.Temp.Red.IV,1,1868,A
13,3,Bilingue,12,Non.Temp.Red.IV,2,1611,A
13,3,Bilingue,13,Non.Temp.Red.IV,1,2690,A
13,3,Bilingue,14,Non.Temp.Red.IV,2,2711,A
13,3,Bilingue,15,Non.Temp.Red.IV,2,1822,A
13,3,Bilingue,16,Non.Temp.Red.IV,2,1374,A
13,3,Bilingue,17,Temp.Red.PV,2,1165,A
13,3,Bilingue,18,Temp.Red.PV,1,1004,A
13,3,Bilingue,19,Temp.Red.PV,2,1097,A
13,3,Bilingue,20,Temp.Red.PV,1,1404,A
13,3,Bilingue,21,Temp.Red.PV,2,1995,A
13,3,Bilingue,22,Temp.Red.PV,2,1861,A
13,3,Bilingue,23,Temp.Red.PV,1,1531,A
13,3,Bilingue,24,Temp.Red.PV,2,1194,A
17,3,Bilingue,1,Temp.Red.IV,1,2280,A
17,3,Bilingue,2,Temp.Red.IV,2,1651,A
17,3,Bilingue,3,Temp.Red.IV,2,2749,A
17,3,Bilingue,4,Temp.Red.IV,2,2442,A
17,3,Bilingue,5,Temp.Red.IV,2,2126,A
17,3,Bilingue,6,Temp.Red.IV,2,2018,A
17,3,Bilingue,7,Temp.Red.IV,1,1181,A
17,3,Bilingue,8,Temp.Red.IV,2,1227,A
17,3,Bilingue,9,Non.Temp.Red.IV,1,1829,A
17,3,Bilingue,10,Non.Temp.Red.IV,2,1260,A
17,3,Bilingue,11,Non.Temp.Red.IV,1,1393,A
17,3,Bilingue,12,Non.Temp.Red.IV,2,1444,A
17,3,Bilingue,13,Non.Temp.Red.IV,1,4112,A
17,3,Bilingue,14,Non.Temp.Red.IV,1,2211,A
17,3,Bilingue,15,Non.Temp.Red.IV,1,1106,A
17,3,Bilingue,16,Non.Temp.Red.IV,1,1334,A
17,3,Bilingue,17,Temp.Red.PV,1,1728,A
17,3,Bilingue,18,Temp.Red.PV,2,2625,A
17,3,Bilingue,19,Temp.Red.PV,1,943,A
17,3,Bilingue,20,Temp.Red.PV,1,969,A
17,3,Bilingue,21,Temp.Red.PV,2,1306,A
17,3,Bilingue,22,Temp.Red.PV,2,1108,A
17,3,Bilingue,23,Temp.Red.PV,1,1121,A
17,3,Bilingue,24,Temp.Red.PV,2,1172,A
27,3,Bilingue,1,Temp.Red.IV,1,4304,A
27,3,Bilingue,2,Temp.Red.IV,1,744,A
27,3,Bilingue,3,Temp.Red.IV,2,3287,A
27,3,Bilingue,4,Temp.Red.IV,1,1167,A
27,3,Bilingue,5,Temp.Red.IV,1,2505,A
27,3,Bilingue,6,Temp.Red.IV,2,1257,A
27,3,Bilingue,7,Temp.Red.IV,1,1480,A
27,3,Bilingue,8,Temp.Red.IV,2,2302,A
27,3,Bilingue,9,Non.Temp.Red.IV,1,1888,A
27,3,Bilingue,10,Non.Temp.Red.IV,2,4272,A
27,3,Bilingue,11,Non.Temp.Red.IV,1,1337,A
27,3,Bilingue,12,Non.Temp.Red.IV,1,2735,A
27,3,Bilingue,13,Non.Temp.Red.IV,2,3018,A
27,3,Bilingue,14,Non.Temp.Red.IV,1,1871,A
27,3,Bilingue,15,Non.Temp.Red.IV,2,1413,A
27,3,Bilingue,16,Non.Temp.Red.IV,1,1457,A
27,3,Bilingue,17,Temp.Red.PV,2,1296,A
27,3,Bilingue,18,Temp.Red.PV,1,688,A
27,3,Bilingue,19,Temp.Red.PV,1,1224,A
27,3,Bilingue,20,Temp.Red.PV,1,936,A
27,3,Bilingue,21,Temp.Red.PV,2,1429,A
27,3,Bilingue,22,Temp.Red.PV,1,1606,A
27,3,Bilingue,23,Temp.Red.PV,2,1360,A
27,3,Bilingue,24,Temp.Red.PV,2,1047,A
32,3,Bilingue,1,Temp.Red.IV,1,2275,B
32,3,Bilingue,2,Temp.Red.IV,1,1546,B
32,3,Bilingue,3,Temp.Red.IV,1,992,B
32,3,Bilingue,4,Temp.Red.IV,2,1575,B
32,3,Bilingue,5,Temp.Red.IV,2,1534,B
32,3,Bilingue,6,Temp.Red.IV,1,1303,B
32,3,Bilingue,7,Temp.Red.IV,1,1036,B
32,3,Bilingue,8,Temp.Red.IV,1,1501,B
32,3,Bilingue,9,Non.Temp.Red.IV,2,1479,B
32,3,Bilingue,10,Non.Temp.Red.IV,1,1213,B
32,3,Bilingue,11,Non.Temp.Red.IV,2,1408,B
32,3,Bilingue,12,Non.Temp.Red.IV,1,998,B
32,3,Bilingue,13,Non.Temp.Red.IV,2,1819,B
32,3,Bilingue,14,Non.Temp.Red.IV,2,1532,B
32,3,Bilingue,15,Non.Temp.Red.IV,2,2440,B
32,3,Bilingue,16,Non.Temp.Red.IV,1,1355,B
32,3,Bilingue,17,Temp.Red.PV,2,3132,B
32,3,Bilingue,18,Temp.Red.PV,2,1320,B
32,3,Bilingue,19,Temp.Red.PV,2,1097,B
32,3,Bilingue,20,Temp.Red.PV,1,941,B
32,3,Bilingue,21,Temp.Red.PV,2,800,B
32,3,Bilingue,22,Temp.Red.PV,2,1349,B
32,3,Bilingue,23,Temp.Red.PV,1,1956,B
32,3,Bilingue,24,Temp.Red.PV,2,2309,B
38,3,Bilingue,1,Temp.Red.IV,2,3105,A
38,3,Bilingue,2,Temp.Red.IV,1,3524,A
38,3,Bilingue,3,Temp.Red.IV,2,2630,A
38,3,Bilingue,4,Temp.Red.IV,2,1261,A
38,3,Bilingue,5,Temp.Red.IV,1,3870,A
38,3,Bilingue,6,Temp.Red.IV,1,3363,A
38,3,Bilingue,7,Temp.Red.IV,2,3247,A
38,3,Bilingue,8,Temp.Red.IV,1,3209,A
38,3,Bilingue,9,Non.Temp.Red.IV,2,3947,A
38,3,Bilingue,10,Non.Temp.Red.IV,2,1365,A
38,3,Bilingue,11,Non.Temp.Red.IV,1,3005,A
38,3,Bilingue,12,Non.Temp.Red.IV,2,1401,A
38,3,Bilingue,13,Non.Temp.Red.IV,2,2245,A
38,3,Bilingue,14,Non.Temp.Red.IV,2,2996,A
38,3,Bilingue,15,Non.Temp.Red.IV,2,4153,A
38,3,Bilingue,16,Non.Temp.Red.IV,2,5188,A
38,3,Bilingue,17,Temp.Red.PV,1,3425,A
38,3,Bilingue,18,Temp.Red.PV,2,1177,A
38,3,Bilingue,19,Temp.Red.PV,2,1949,A
38,3,Bilingue,20,Temp.Red.PV,2,1245,A
38,3,Bilingue,21,Temp.Red.PV,2,1885,A
38,3,Bilingue,22,Temp.Red.PV,0,0,A
38,3,Bilingue,23,Temp.Red.PV,2,1854,A
38,3,Bilingue,24,Temp.Red.PV,2,2688,A
75,3,Bilingue,1,Temp.Red.IV,1,3099,A
75,3,Bilingue,2,Temp.Red.IV,2,963,A
75,3,Bilingue,3,Temp.Red.IV,1,2203,A
75,3,Bilingue,4,Temp.Red.IV,2,1187,A
75,3,Bilingue,5,Temp.Red.IV,1,3931,A
75,3,Bilingue,6,Temp.Red.IV,1,1604,A
75,3,Bilingue,7,Temp.Red.IV,1,1476,A
75,3,Bilingue,8,Temp.Red.IV,2,2229,A
75,3,Bilingue,9,Non.Temp.Red.IV,2,3748,A
75,3,Bilingue,10,Non.Temp.Red.IV,0,0,A
75,3,Bilingue,11,Non.Temp.Red.IV,1,2723,A
75,3,Bilingue,12,Non.Temp.Red.IV,2,995,A
75,3,Bilingue,13,Non.Temp.Red.IV,1,3228,A
75,3,Bilingue,14,Non.Temp.Red.IV,2,1724,A
75,3,Bilingue,15,Non.Temp.Red.IV,1,2044,A
75,3,Bilingue,16,Non.Temp.Red.IV,1,4460,A
75,3,Bilingue,17,Temp.Red.PV,2,1940,A
75,3,Bilingue,18,Temp.Red.PV,1,1621,A
75,3,Bilingue,19,Temp.Red.PV,1,1100,A
75,3,Bilingue,20,Temp.Red.PV,1,956,A
75,3,Bilingue,21,Temp.Red.PV,1,4589,A
75,3,Bilingue,22,Temp.Red.PV,1,1683,A
75,3,Bilingue,23,Temp.Red.PV,1,1924,A
75,3,Bilingue,24,Temp.Red.PV,1,2132,A
3,4,Bilingue,1,Temp.Red.IV,2,2100,B
3,4,Bilingue,2,Temp.Red.IV,1,1276,B
3,4,Bilingue,3,Temp.Red.IV,2,783,B
3,4,Bilingue,4,Temp.Red.IV,1,1380,B
3,4,Bilingue,5,Temp.Red.IV,2,748,B
3,4,Bilingue,6,Temp.Red.IV,2,1156,B
3,4,Bilingue,7,Temp.Red.IV,2,1056,B
3,4,Bilingue,8,Temp.Red.IV,2,2444,B
3,4,Bilingue,9,Non.Temp.Red.IV,2,704,B
3,4,Bilingue,10,Non.Temp.Red.IV,2,1351,B
3,4,Bilingue,11,Non.Temp.Red.IV,2,1200,B
3,4,Bilingue,12,Non.Temp.Red.IV,1,1048,B
3,4,Bilingue,13,Non.Temp.Red.IV,2,1083,B
3,4,Bilingue,14,Non.Temp.Red.IV,1,732,B
3,4,Bilingue,15,Non.Temp.Red.IV,1,836,B
3,4,Bilingue,16,Non.Temp.Red.IV,2,792,B
3,4,Bilingue,17,Temp.Red.PV,1,1424,B
3,4,Bilingue,18,Temp.Red.PV,2,968,B
3,4,Bilingue,19,Temp.Red.PV,2,628,B
3,4,Bilingue,20,Temp.Red.PV,2,708,B
3,4,Bilingue,21,Temp.Red.PV,2,732,B
3,4,Bilingue,22,Temp.Red.PV,0,0,B
3,4,Bilingue,23,Temp.Red.PV,1,1188,B
3,4,Bilingue,24,Temp.Red.PV,2,2263,B
5,4,Bilingue,1,Temp.Red.IV,2,3343,B
5,4,Bilingue,2,Temp.Red.IV,1,2459,B
5,4,Bilingue,3,Temp.Red.IV,2,2566,B
5,4,Bilingue,4,Temp.Red.IV,1,3400,B
5,4,Bilingue,5,Temp.Red.IV,1,3494,B
5,4,Bilingue,6,Temp.Red.IV,1,5208,B
5,4,Bilingue,7,Temp.Red.IV,1,3391,B
5,4,Bilingue,8,Temp.Red.IV,2,2485,B
5,4,Bilingue,9,Non.Temp.Red.IV,2,1716,B
5,4,Bilingue,10,Non.Temp.Red.IV,1,2128,B
5,4,Bilingue,11,Non.Temp.Red.IV,2,3123,B
5,4,Bilingue,12,Non.Temp.Red.IV,1,4777,B
5,4,Bilingue,13,Non.Temp.Red.IV,1,1612,B
5,4,Bilingue,14,Non.Temp.Red.IV,2,6975,B
5,4,Bilingue,15,Non.Temp.Red.IV,2,3497,B
5,4,Bilingue,16,Non.Temp.Red.IV,1,3795,B
5,4,Bilingue,17,Temp.Red.PV,2,3290,B
5,4,Bilingue,18,Temp.Red.PV,2,1730,B
5,4,Bilingue,19,Temp.Red.PV,2,2981,B
5,4,Bilingue,20,Temp.Red.PV,2,2123,B
5,4,Bilingue,21,Temp.Red.PV,2,3337,B
5,4,Bilingue,22,Temp.Red.PV,2,1505,B
5,4,Bilingue,23,Temp.Red.PV,2,2347,B
5,4,Bilingue,24,Temp.Red.PV,1,1933,B
6,4,Bilingue,1,Temp.Red.IV,1,2463,A
6,4,Bilingue,2,Temp.Red.IV,2,1313,A
6,4,Bilingue,3,Temp.Red.IV,1,1871,A
6,4,Bilingue,4,Temp.Red.IV,1,4110,A
6,4,Bilingue,5,Temp.Red.IV,2,1115,A
6,4,Bilingue,6,Temp.Red.IV,2,1580,A
6,4,Bilingue,7,Temp.Red.IV,1,1070,A
6,4,Bilingue,8,Temp.Red.IV,2,964,A
6,4,Bilingue,9,Non.Temp.Red.IV,2,1785,A
6,4,Bilingue,10,Non.Temp.Red.IV,1,1760,A
6,4,Bilingue,11,Non.Temp.Red.IV,1,1569,A
6,4,Bilingue,12,Non.Temp.Red.IV,1,1203,A
6,4,Bilingue,13,Non.Temp.Red.IV,0,0,A
6,4,Bilingue,14,Non.Temp.Red.IV,1,2608,A
6,4,Bilingue,15,Non.Temp.Red.IV,2,1476,A
6,4,Bilingue,16,Non.Temp.Red.IV,2,1308,A
6,4,Bilingue,17,Temp.Red.PV,2,1309,A
6,4,Bilingue,18,Temp.Red.PV,1,852,A
6,4,Bilingue,19,Temp.Red.PV,1,908,A
6,4,Bilingue,20,Temp.Red.PV,1,1577,A
6,4,Bilingue,21,Temp.Red.PV,2,1396,A
6,4,Bilingue,22,Temp.Red.PV,2,1047,A
6,4,Bilingue,23,Temp.Red.PV,2,1197,A
6,4,Bilingue,24,Temp.Red.PV,1,2133,A
8,4,Bilingue,1,Temp.Red.IV,2,3255,A
8,4,Bilingue,2,Temp.Red.IV,1,2569,A
8,4,Bilingue,3,Temp.Red.IV,2,1800,A
8,4,Bilingue,4,Temp.Red.IV,2,2150,A
8,4,Bilingue,5,Temp.Red.IV,1,1512,A
8,4,Bilingue,6,Temp.Red.IV,1,1649,A
8,4,Bilingue,7,Temp.Red.IV,2,1409,A
8,4,Bilingue,8,Temp.Red.IV,2,1057,A
8,4,Bilingue,9,Non.Temp.Red.IV,0,0,A
8,4,Bilingue,10,Non.Temp.Red.IV,1,1738,A
8,4,Bilingue,11,Non.Temp.Red.IV,2,1872,A
8,4,Bilingue,12,Non.Temp.Red.IV,2,1289,A
8,4,Bilingue,13,Non.Temp.Red.IV,1,2040,A
8,4,Bilingue,14,Non.Temp.Red.IV,2,1193,A
8,4,Bilingue,15,Non.Temp.Red.IV,2,1041,A
8,4,Bilingue,16,Non.Temp.Red.IV,2,2208,A
8,4,Bilingue,17,Temp.Red.PV,2,1065,A
8,4,Bilingue,18,Temp.Red.PV,1,826,A
8,4,Bilingue,19,Temp.Red.PV,1,1425,A
8,4,Bilingue,20,Temp.Red.PV,1,874,A
8,4,Bilingue,21,Temp.Red.PV,1,1609,A
8,4,Bilingue,22,Temp.Red.PV,1,1072,A
8,4,Bilingue,23,Temp.Red.PV,2,1177,A
8,4,Bilingue,24,Temp.Red.PV,2,1183,A
19,4,Bilingue,1,Temp.Red.IV,2,1591,A
19,4,Bilingue,2,Temp.Red.IV,1,2548,A
19,4,Bilingue,3,Temp.Red.IV,1,1854,A
19,4,Bilingue,4,Temp.Red.IV,2,1937,A
19,4,Bilingue,5,Temp.Red.IV,2,1266,A
19,4,Bilingue,6,Temp.Red.IV,2,1573,A
19,4,Bilingue,7,Temp.Red.IV,1,1628,A
19,4,Bilingue,8,Temp.Red.IV,2,1811,A
19,4,Bilingue,9,Non.Temp.Red.IV,2,1486,A
19,4,Bilingue,10,Non.Temp.Red.IV,2,1526,A
19,4,Bilingue,11,Non.Temp.Red.IV,2,1866,A
19,4,Bilingue,12,Non.Temp.Red.IV,2,1726,A
19,4,Bilingue,13,Non.Temp.Red.IV,2,1697,A
19,4,Bilingue,14,Non.Temp.Red.IV,1,1862,A
19,4,Bilingue,15,Non.Temp.Red.IV,1,1538,A
19,4,Bilingue,16,Non.Temp.Red.IV,2,2118,A
19,4,Bilingue,17,Temp.Red.PV,2,1728,A
19,4,Bilingue,18,Temp.Red.PV,1,1255,A
19,4,Bilingue,19,Temp.Red.PV,2,1134,A
19,4,Bilingue,20,Temp.Red.PV,1,896,A
19,4,Bilingue,21,Temp.Red.PV,1,1310,A
19,4,Bilingue,22,Temp.Red.PV,2,1762,A
19,4,Bilingue,23,Temp.Red.PV,1,1847,A
19,4,Bilingue,24,Temp.Red.PV,2,1314,A
25,4,Bilingue,1,Temp.Red.IV,2,2278,B
25,4,Bilingue,2,Temp.Red.IV,1,4715,B
25,4,Bilingue,3,Temp.Red.IV,2,1535,B
25,4,Bilingue,4,Temp.Red.IV,1,5909,B
25,4,Bilingue,5,Temp.Red.IV,1,2002,B
25,4,Bilingue,6,Temp.Red.IV,1,2628,B
25,4,Bilingue,7,Temp.Red.IV,1,1453,B
25,4,Bilingue,8,Temp.Red.IV,1,1992,B
25,4,Bilingue,9,Non.Temp.Red.IV,1,3611,B
25,4,Bilingue,10,Non.Temp.Red.IV,0,0,B
25,4,Bilingue,11,Non.Temp.Red.IV,2,1550,B
25,4,Bilingue,12,Non.Temp.Red.IV,2,4827,B
25,4,Bilingue,13,Non.Temp.Red.IV,1,3279,B
25,4,Bilingue,14,Non.Temp.Red.IV,2,3417,B
25,4,Bilingue,15,Non.Temp.Red.IV,1,1770,B
25,4,Bilingue,16,Non.Temp.Red.IV,1,2521,B
25,4,Bilingue,17,Temp.Red.PV,2,1162,B
25,4,Bilingue,18,Temp.Red.PV,2,1548,B
25,4,Bilingue,19,Temp.Red.PV,2,2034,B
25,4,Bilingue,20,Temp.Red.PV,1,851,B
25,4,Bilingue,21,Temp.Red.PV,2,1248,B
25,4,Bilingue,22,Temp.Red.PV,1,1983,B
25,4,Bilingue,23,Temp.Red.PV,2,1330,B
25,4,Bilingue,24,Temp.Red.PV,2,2641,B
29,4,Bilingue,1,Temp.Red.IV,2,1355,A
29,4,Bilingue,2,Temp.Red.IV,2,1490,A
29,4,Bilingue,3,Temp.Red.IV,1,1866,A
29,4,Bilingue,4,Temp.Red.IV,2,1931,A
29,4,Bilingue,5,Temp.Red.IV,2,2603,A
29,4,Bilingue,6,Temp.Red.IV,1,906,A
29,4,Bilingue,7,Temp.Red.IV,1,1394,A
29,4,Bilingue,8,Temp.Red.IV,2,1419,A
29,4,Bilingue,9,Non.Temp.Red.IV,1,1987,A
29,4,Bilingue,10,Non.Temp.Red.IV,2,1091,A
29,4,Bilingue,11,Non.Temp.Red.IV,2,2194,A
29,4,Bilingue,12,Non.Temp.Red.IV,2,1595,A
29,4,Bilingue,13,Non.Temp.Red.IV,1,1226,A
29,4,Bilingue,14,Non.Temp.Red.IV,2,1476,A
29,4,Bilingue,15,Non.Temp.Red.IV,1,1338,A
29,4,Bilingue,16,Non.Temp.Red.IV,1,2195,A
29,4,Bilingue,17,Temp.Red.PV,1,1851,A
29,4,Bilingue,18,Temp.Red.PV,1,1123,A
29,4,Bilingue,19,Temp.Red.PV,2,2067,A
29,4,Bilingue,20,Temp.Red.PV,2,1595,A
29,4,Bilingue,21,Temp.Red.PV,2,1570,A
29,4,Bilingue,22,Temp.Red.PV,1,1346,A
29,4,Bilingue,23,Temp.Red.PV,2,1234,A
29,4,Bilingue,24,Temp.Red.PV,2,1362,A
33,4,Bilingue,1,Temp.Red.IV,2,1978,A
33,4,Bilingue,2,Temp.Red.IV,2,1436,A
33,4,Bilingue,3,Temp.Red.IV,2,1233,A
33,4,Bilingue,4,Temp.Red.IV,1,1917,A
33,4,Bilingue,5,Temp.Red.IV,2,1154,A
33,4,Bilingue,6,Temp.Red.IV,2,3124,A
33,4,Bilingue,7,Temp.Red.IV,2,2031,A
33,4,Bilingue,8,Temp.Red.IV,1,1555,A
33,4,Bilingue,9,Non.Temp.Red.IV,1,1532,A
33,4,Bilingue,10,Non.Temp.Red.IV,2,1318,A
33,4,Bilingue,11,Non.Temp.Red.IV,1,2411,A
33,4,Bilingue,12,Non.Temp.Red.IV,1,1512,A
33,4,Bilingue,13,Non.Temp.Red.IV,1,2834,A
33,4,Bilingue,14,Non.Temp.Red.IV,1,1739,A
33,4,Bilingue,15,Non.Temp.Red.IV,2,1184,A
33,4,Bilingue,16,Non.Temp.Red.IV,2,3423,A
33,4,Bilingue,17,Temp.Red.PV,1,1159,A
33,4,Bilingue,18,Temp.Red.PV,1,1142,A
33,4,Bilingue,19,Temp.Red.PV,2,1749,A
33,4,Bilingue,20,Temp.Red.PV,1,894,A
33,4,Bilingue,21,Temp.Red.PV,2,1129,A
33,4,Bilingue,22,Temp.Red.PV,2,968,A
33,4,Bilingue,23,Temp.Red.PV,2,1077,A
33,4,Bilingue,24,Temp.Red.PV,1,1181,A
37,4,Bilingue,1,Temp.Red.IV,2,949,A
37,4,Bilingue,2,Temp.Red.IV,2,703,A
37,4,Bilingue,3,Temp.Red.IV,1,1557,A
37,4,Bilingue,4,Temp.Red.IV,1,846,A
37,4,Bilingue,5,Temp.Red.IV,1,1125,A
37,4,Bilingue,6,Temp.Red.IV,1,793,A
37,4,Bilingue,7,Temp.Red.IV,1,710,A
37,4,Bilingue,8,Temp.Red.IV,0,0,A
37,4,Bilingue,9,Non.Temp.Red.IV,2,1440,A
37,4,Bilingue,10,Non.Temp.Red.IV,1,941,A
37,4,Bilingue,11,Non.Temp.Red.IV,2,1034,A
37,4,Bilingue,12,Non.Temp.Red.IV,2,1259,A
37,4,Bilingue,13,Non.Temp.Red.IV,1,893,A
37,4,Bilingue,14,Non.Temp.Red.IV,2,611,A
37,4,Bilingue,15,Non.Temp.Red.IV,2,943,A
37,4,Bilingue,16,Non.Temp.Red.IV,2,1041,A
37,4,Bilingue,17,Temp.Red.PV,2,1806,A
37,4,Bilingue,18,Temp.Red.PV,2,1158,A
37,4,Bilingue,19,Temp.Red.PV,2,1198,A
37,4,Bilingue,20,Temp.Red.PV,1,944,A
37,4,Bilingue,21,Temp.Red.PV,2,849,A
37,4,Bilingue,22,Temp.Red.PV,1,1362,A
37,4,Bilingue,23,Temp.Red.PV,2,986,A
37,4,Bilingue,24,Temp.Red.PV,1,1006,A
42,4,Bilingue,1,Temp.Red.IV,2,1246,B
42,4,Bilingue,2,Temp.Red.IV,2,1494,B
42,4,Bilingue,3,Temp.Red.IV,1,1482,B
42,4,Bilingue,4,Temp.Red.IV,2,1195,B
42,4,Bilingue,5,Temp.Red.IV,2,1428,B
42,4,Bilingue,6,Temp.Red.IV,2,2349,B
42,4,Bilingue,7,Temp.Red.IV,1,1178,B
42,4,Bilingue,8,Temp.Red.IV,1,855,B
42,4,Bilingue,9,Non.Temp.Red.IV,1,1081,B
42,4,Bilingue,10,Non.Temp.Red.IV,1,1268,B
42,4,Bilingue,11,Non.Temp.Red.IV,2,3188,B
42,4,Bilingue,12,Non.Temp.Red.IV,1,1852,B
42,4,Bilingue,13,Non.Temp.Red.IV,1,3737,B
42,4,Bilingue,14,Non.Temp.Red.IV,2,2190,B
42,4,Bilingue,15,Non.Temp.Red.IV,1,1370,B
42,4,Bilingue,16,Non.Temp.Red.IV,1,1971,B
42,4,Bilingue,17,Temp.Red.PV,1,974,B
42,4,Bilingue,18,Temp.Red.PV,1,768,B
42,4,Bilingue,19,Temp.Red.PV,1,895,B
42,4,Bilingue,20,Temp.Red.PV,2,809,B
42,4,Bilingue,21,Temp.Red.PV,2,1151,B
42,4,Bilingue,22,Temp.Red.PV,1,1059,B
42,4,Bilingue,23,Temp.Red.PV,2,1249,B
42,4,Bilingue,24,Temp.Red.PV,1,1056,B
62,4,Bilingue,1,Temp.Red.IV,1,2095,B
62,4,Bilingue,2,Temp.Red.IV,1,763,B
62,4,Bilingue,3,Temp.Red.IV,1,797,B
62,4,Bilingue,4,Temp.Red.IV,1,1889,B
62,4,Bilingue,5,Temp.Red.IV,2,1414,B
62,4,Bilingue,6,Temp.Red.IV,1,1646,B
62,4,Bilingue,7,Temp.Red.IV,1,966,B
62,4,Bilingue,8,Temp.Red.IV,1,1038,B
62,4,Bilingue,9,Non.Temp.Red.IV,1,775,B
62,4,Bilingue,10,Non.Temp.Red.IV,1,1036,B
62,4,Bilingue,11,Non.Temp.Red.IV,2,974,B
62,4,Bilingue,12,Non.Temp.Red.IV,2,1133,B
62,4,Bilingue,13,Non.Temp.Red.IV,1,939,B
62,4,Bilingue,14,Non.Temp.Red.IV,2,1234,B
62,4,Bilingue,15,Non.Temp.Red.IV,2,1053,B
62,4,Bilingue,16,Non.Temp.Red.IV,2,1119,B
62,4,Bilingue,17,Temp.Red.PV,1,914,B
62,4,Bilingue,18,Temp.Red.PV,1,888,B
62,4,Bilingue,19,Temp.Red.PV,1,843,B
62,4,Bilingue,20,Temp.Red.PV,2,929,B
62,4,Bilingue,21,Temp.Red.PV,1,1943,B
62,4,Bilingue,22,Temp.Red.PV,1,755,B
62,4,Bilingue,23,Temp.Red.PV,2,1161,B
62,4,Bilingue,24,Temp.Red.PV,1,901,B
68,4,Bilingue,1,Temp.Red.IV,2,2006,B
68,4,Bilingue,2,Temp.Red.IV,1,1651,B
68,4,Bilingue,3,Temp.Red.IV,1,1595,B
68,4,Bilingue,4,Temp.Red.IV,1,1038,B
68,4,Bilingue,5,Temp.Red.IV,2,1135,B
68,4,Bilingue,6,Temp.Red.IV,2,1847,B
68,4,Bilingue,7,Temp.Red.IV,2,1019,B
68,4,Bilingue,8,Temp.Red.IV,2,823,B
68,4,Bilingue,9,Non.Temp.Red.IV,2,3986,B
68,4,Bilingue,10,Non.Temp.Red.IV,1,1055,B
68,4,Bilingue,11,Non.Temp.Red.IV,2,1731,B
68,4,Bilingue,12,Non.Temp.Red.IV,2,1018,B
68,4,Bilingue,13,Non.Temp.Red.IV,1,1715,B
68,4,Bilingue,14,Non.Temp.Red.IV,2,1855,B
68,4,Bilingue,15,Non.Temp.Red.IV,2,1363,B
68,4,Bilingue,16,Non.Temp.Red.IV,1,802,B
68,4,Bilingue,17,Temp.Red.PV,1,2279,B
68,4,Bilingue,18,Temp.Red.PV,1,859,B
68,4,Bilingue,19,Temp.Red.PV,2,1231,B
68,4,Bilingue,20,Temp.Red.PV,1,990,B
68,4,Bilingue,21,Temp.Red.PV,1,1219,B
68,4,Bilingue,22,Temp.Red.PV,0,0,B
68,4,Bilingue,23,Temp.Red.PV,1,1627,B
68,4,Bilingue,24,Temp.Red.PV,2,962,B
70,4,Bilingue,1,Temp.Red.IV,1,3508,B
70,4,Bilingue,2,Temp.Red.IV,2,4930,B
70,4,Bilingue,3,Temp.Red.IV,1,1894,B
70,4,Bilingue,4,Temp.Red.IV,0,0,B
70,4,Bilingue,5,Temp.Red.IV,1,1892,B
70,4,Bilingue,6,Temp.Red.IV,2,1348,B
70,4,Bilingue,7,Temp.Red.IV,2,1673,B
70,4,Bilingue,8,Temp.Red.IV,1,1095,B
70,4,Bilingue,9,Non.Temp.Red.IV,1,1943,B
70,4,Bilingue,10,Non.Temp.Red.IV,1,2577,B
70,4,Bilingue,11,Non.Temp.Red.IV,2,1629,B
70,4,Bilingue,12,Non.Temp.Red.IV,2,1876,B
70,4,Bilingue,13,Non.Temp.Red.IV,2,4503,B
70,4,Bilingue,14,Non.Temp.Red.IV,2,1696,B
70,4,Bilingue,15,Non.Temp.Red.IV,1,3160,B
70,4,Bilingue,16,Non.Temp.Red.IV,1,2701,B
70,4,Bilingue,17,Temp.Red.PV,1,3413,B
70,4,Bilingue,18,Temp.Red.PV,2,1167,B
70,4,Bilingue,19,Temp.Red.PV,2,1177,B
70,4,Bilingue,20,Temp.Red.PV,2,1823,B
70,4,Bilingue,21,Temp.Red.PV,1,2602,B
70,4,Bilingue,22,Temp.Red.PV,1,1208,B
70,4,Bilingue,23,Temp.Red.PV,1,2243,B
70,4,Bilingue,24,Temp.Red.PV,1,1540,B
